location,crowd-low-estimate,crowd-high-estimate,mean-high-low,source,Latitude,Longitude
"Abilene, TX",200,200,200,http://www.reporternews.com/story/news/local/2017/01/21/hundreds-march-abilene-city-hall-womens-rights/96858224/,32.576489,-99.665323
"Accident, MD",54,54,54,Twitter; on-site witness ,39.6287,-79.31976
"Adak, AK",10,10,10,adn.com,0,0
"Adrian, MI",130,150,140,https://www.facebook.com/events/847360115406578/,41.889943,-84.065892
"Ajo, AZ",250,250,250,https://www.facebook.com/plugins/post.php?href=https%3A%2F%2Fwww.facebook.com%2Fwomenactnow%2Fposts%2F316622398732847&width=500,32.38489,-112.89011
"Alameda, CA",8,8,8,FB,37.770563,-122.264779
"Alamosa, CO",350,350,350,https://twitter.com/zepol/status/823234973935239172,37.479933,-105.790967
"Albany, CA",500,500,500,https://twitter.com/ben_silverman/status/823032391841132545,42.614852,-73.970812
"Albany, NY","7,000","9,000",8000,http://www.timesunion.com/local/article/Albany-activists-Inaugurate-Resistance-on-10873758.php,42.614852,-73.970812
"Alexandria, VA",17,17,17,https://twitter.com/TinaPStacy/status/823226044643680257,38.819853,-77.059645
"Albuquerque, NM","3,000","20,000",11500,http://www.koat.com/article/thousands-fill-civic-plaza-for-womens-rally/8626736,35.199592,-106.644831
"Almanor West, CA",4,4,4,eyewitness; picture,44.984663,-93.542233
"Alpine, TX",96,96,96,https://twitter.com/sarahmvasquez/status/823189717659176960,32.810624,-116.710667
"Amarillo, TX",600,600,600,https://www.texastribune.org/2017/01/21/thousands-expected-participate-texas-womens-marche/,35.20603,-101.839602
"Amelia Island, FL",700,"1,300",1000,http://www.firstcoastnews.com/news/womens-march-makes-its-way-to-the-first-coast/389706372,42.27179,-88.188464
"Anacortes, WA",,,,http://www.goskagit.com/skagit/hundreds-participate-in-anacortes-women-s-march/article_4117590e-285b-565e-acd0-1ea4e7826160.html,48.499172,-122.607111
"Anchorage, AK","2,000","3,000",2500,https://www.adn.com/alaska-news/2017/01/21/large-crowd-attends-womens-march-on-anchorage-in-solidarity-with-national-events/,61.220018,-149.855702
"Ann Arbor, MI","11,000","11,000",11000,http://www.mlive.com/news/ann-arbor/index.ssf/2017/01/more_than_6000_flood_streets_o.html,42.266638,-83.849042
"Annapolis, MD","1,600","1,600",1600,http://www.capitalgazette.com/news/annapolis/ph-ac-cn-annapolis-womens-march-0122-20170121-story.html,38.98775,-76.5528
"Arlington, VA",,,,,32.635563,-97.148829
"Asbury Park, NJ","6,000","6,000",6000,https://twitter.com/JuliaJHobbs/status/822955160116793344,40.250725,-74.048582
"Asheville, NC","7,000","10,000",8500,http://wlos.com/news/local/photo-gallery-the-womens-march-on-asheville,35.602711,-82.567281
"Ashland, OR","6,000",8000,7000,http://www.mailtribune.com/news/20170121/voices-from-crowd,38.473824,-82.647933
"Aspen, CO","1,000",1000,1000,https://twitter.com/SarahGoTrillIum/status/823018327316566016,39.169324,-106.776744
"Astoria, OR",100,1000,550,http://www.dailyastorian.com/Local_News/20170121/hundreds-march-in-astoria-to-counter-trump,46.142206,-123.795996
"Athens, GA",700,5000,2850,http://onlineathens.com/slideshow/2017-01-21/photos-athens-womens-march#slide-1,40.605382,-73.755133
"Atlanta, GA","60,000",63000,61500,http://www.ajc.com/news/state--regional-govt--politics/new-police-estimate-000-atlanta-the-march-continues-the-capitol/PlaULPX2mykkjcHk799zLP/,33.844371,-84.47405
"Augusta, GA",600,600,600,http://chronicle.augusta.com/news/2017-01-21/hundreds-participate-augusta-solidarity-march,44.351642,-69.803773
"Augusta, ME","10,000",10000,10000,http://bangordailynews.com/2017/01/21/news/state/marchers-flock-to-maine-cities-to-stand-up-to-trump/,44.351642,-69.803773
"Austin, TX","30,000","50,000",40000,"http://kut.org/post/tens-thousands-participate-womens-march-austin
",30.326374,-97.771258
"Avalon, CA",44,44,44,https://twitter.com/lisakate111/status/823018370094071808,33.34281,-118.32785
"Bainbridge Island, WA",,,,,47.647774,-122.538016
"Baltimore, MD","5,000",5000,5000,http://www.baltimoresun.com/news/maryland/bs-md-baltimore-sister-march-20170121-story.html,39.296536,-76.623489
"Bandon, OR",70,70,70,FB,34.485476,-92.585282
"Bayfield, WI",427,427,427,FB,37.22556,-107.59811
"Beaumont, TX",300,300,300,FB,30.073712,-94.109705
"Beaver, PA",100,130,115,onsite eyewitness; headcount,40.69534,-80.30478
"Bellingham, WA","5,000",6000,5500,https://t.co/iyjFHSXHEq,48.754092,-122.508129
"Bemidji, MN",250,500,375,http://www.mprnews.org/story/2017/01/21/photos-around-minnesota-women-and-men-march-for-womens-rights,47.571964,-94.801272
"Bend, OR","5,000","5,000",5000,http://www.ktvz.com/news/thousands-march-in-bend-to-protest-trump-policies/284779764,0,0
"Bentonville, AR",300,600,450,onsite eyewitness; headcount,36.347107,-94.223419
"Berkeley, CA",200,"1,000",600,http://www.dailycal.org/2017/01/21/berkeley-community-joins-millions-around-world-participating-womens-marches/,37.860576,-122.29673
"Bethel, AK",40,80,60,https://www.adn.com/slideshow/visual/2017/01/21/thousands-hit-the-streets-for-womens-march-events-in-alaska/,47.536048,-122.578944
"Bethlehem, PA",500,500,500,http://www.mcall.com/news/breaking/mc-women--march-20170121-story.html,40.58883,-75.351958
"Bettendorf, IA",800,800,800,http://www.ourquadcities.com/news/qc-equality-rally-packs-local-union-hall/643846922,41.52448,-90.51569
"Beverly Hills, CA",,,,,33.786594,-118.298662
"Binghamton, NY","2,000","3,000",2500,FB,42.165629,-75.890685
"Birmingham, AL","5,000",10000,7500,http://www.al.com/news/birmingham/index.ssf/2017/01/thousands_parade_through_birmi.html#incart_river_mobileshort_home,33.456412,-86.801904
"Bishop, CA",600,600,600,FB,37.491769,-118.389367
"Bismarck, ND",500,500,500,http://www.grandforksherald.com/news/4203619-larger-expected-nd-capitol-womens-march-calls-solidarity,46.816035,-100.700296
"Black Mountain, NC",400,400,400,FB,35.6179,-82.32123
"Bluff, UT",,,,,47.615471,-122.207221
"Bloomsburg, PA",40,60,50,https://twitter.com/MzHokie/status/823054470728810496,41.005609,-76.430563
"Boise, ID","5,000",5000,5000,http://www.idahostatesman.com/news/local/article127913309.html,34.146146,-86.146749
"Borrego Springs, CA",140,150,145,onsite eyewitness who did headcount,33.23943,-116.35607
"Boston, MA","175,000","175,000",175000,http://whdh.com/news/175000-rally-on-boston-common-for-womens-march/,42.370567,-71.026964
"Bozeman, MT",,,,https://twitter.com/MadamHerpadurp/status/823031787211235328,45.82641,-110.898799
"Breen, CO",1,1,1,via email (JP),40.605382,-73.755133
"Brighton, MI",300,300,300,Livingston Daily Press & Argus,39.942984,-104.786597
"Brattleboro, VT",250,250,250,FB,40.202113,-74.012581
"Brookings, OR",,,,,44.355091,-96.762102
"Brownsville, TX",300,390,345,http://www.brownsvilleherald.com/news/local/article_f670f8cc-e037-11e6-b9b5-9398a778b088.html,25.963264,-97.550453
"Brunswick, ME",300,300,300,Press Herald,41.23811,-81.8418
"Buffalo, NY","2,500","3,000",2750,http://www.wgrz.com/mb/news/local/hundreds-gather-in-buffalo-for-womens-march/389611887,42.89606,-78.886424
"Burbank, CA",300,300,300,myburbank.com,34.200993,-118.292773
"Burns, OR",20,20,20,FB,40.605382,-73.755133
"Burnsville, NC",,,,,25.963264,-97.550453
Cambridge,22,22,22,FB,42.380442,-71.132947
"Canton, NY",135,135,135,https://twitter.com/matt_carotenuto/status/823121233659174912,40.782408,-81.371185
"Cape Henlopen, DE",250,250,250,http://www.capegazette.com/article/peaceful-march-along-lewes-beach-takes-stand-womenâ€™s-rights/124227,0,0
"Carbondale, CO",200,650,425,http://www.postindependent.com/priority/main-carousel/women-march-in-colorado-dc-around-world-to-resist-trump/,37.739004,-89.209109
"Carbondale, IL","1,000","1,000",1000,http://thesouthern.com/news/local/communities/carbondale/hundreds-gather-in-carbondale-to-march-for-human-rights/article_616ca5a9-dd07-57da-9a8e-ee3a9317bd05.html,37.739004,-89.209109
"Carmel, CA",,,,,39.962604,-86.174761
"Casper, WY",700,"1,000",850,https://pitchengine.com/oilcity/2017/01/21/caspers-womens-march--from-above/002519172678172300726,42.859875,-106.312561
"Cedaredge, CO",,,,,38.90165,-107.92645
"Champaign, IL","5,000","5,800",5400,http://www.news-gazette.com/news/local/2017-01-21/womens-march-champaign.html,40.10789,-88.244266
"Charleston, SC","2,000","2,000",2000,http://www.postandcourier.com/news/unity-activism-and-empowerment-at-charleston-women-s-march-where/article_34b81c38-dffb-11e6-9c2e-f30b0dc420c4.html,32.780326,-79.940844
"Charleston, WV","2,800","3,000",2900,http://www.wvgazettemail.com/news-politics/20170121/nearly-3000-march-for-women-at-wv-capitol,32.780326,-79.940844
"Charlotte, NC","10,000","10,000",10000,http://www.charlotteobserver.com/news/local/article127914684.html,35.26002,-80.804151
"Charlottesville, VA","2,500","2,500",2500,FB,38.026588,-78.48045
"Chattanooga, TN","1,000","3,000",2000,http://www.timesfreepress.com/news/local/story/2017/jan/21/women-march-chattanooga-protest-trump-election/408743/,35.017818,-85.206426
"Chelan, WA",400,470,435,local media reported via Google form,47.876985,-120.07775
"Chesapeake Bay, MD",1,1,1,FB,35.7423,-90.56233
"Cheyenne, WY","1,500","2,000",1750,http://kgab.com/1500-2000-turn-out-for-cheyenne-womens-march/,41.092356,-104.936269
"Chicago, IL","250,000","250,000",250000,http://www.chicagotribune.com/news/ct-womens-march-chicago-0122-20170121-story.html,41.88531,-87.62213
"Chico, CA","1,000","3,000",2000,FB,39.746159,-121.840083
"Chillicothe, OH","1,000","1,000",1000,https://twitter.com/JeffTClinton/status/822999960765530113,39.337384,-82.991332
"Cincinnati, OH","5,000","10,000",7500,http://www.wlwt.com/article/thousands-fill-washington-park-as-part-of-nationwide-equal-rights-movement/8625720,39.166759,-84.53822
"Clare, MI",24,24,24,http://www.themorningsun.com/general-news/20170121/hope-strength-unity-topics-at-the-clare-peoples-rally,32.928037,-97.283914
"Clemson, SC",500,500,500,http://www.independentmail.com/story/news/local/south-carolina/2017/01/21/clemson-march-draws-500-support-womens-rights/96886286/,34.681567,-82.815832
"Cleveland, OH","15,000",15000,15000,http://www.cleveland.com/metro/index.ssf/2017/01/womens_march_on_cleveland_a_vo.html#incart_big-photo,41.489381,-81.667486
"Cobb, CA",2,2,2,FB,38.100081,-91.368908
"Cobleskill, NY",300,300,300,FB,42.67785,-74.48542
"Cody, WY",500,500,500,Colorado Springs Gazette,0,0
"College Station, TX",50,50,50,http://www.kbtx.com/content/news/College-Station-group-holds-womens-march--411430985.html,30.609093,-96.325984
"Colorado Springs, CO","7,000",7000,7000,http://gazette.com/thousands-march-in-colorado-springs-in-protest-a-day-after-president-trumps-inauguration/article/1594846,38.993867,-105.508319
"Columbia, MO","3,000",3604,3302,Missourian,33.987454,-81.024864
"Columbia, SC","2,000",2000,2000,http://www.heraldonline.com/latest-news/article127939199.html,33.987454,-81.024864
"Columbus, OH",,,,http://wksu.org/post/womens-march-columbus-draws-thousands-people#stream/0,33.987454,-81.024864
"Compton, CA",,,,,33.874815,-118.240208
"Concord, NH","6,000",6000,6000,https://twitter.com/LenStuart/status/822934229671673861,37.953672,-122.022872
"Conover, WI",1,1,1,FB,35.740848,-81.209458
"Cooperstown, NY",200,200,200,http://www.allotsego.com/women-allies-march-across-otsego-county/,42.714065,-74.890929
"Coos Bay, OR",200,200,200,http://theworldlink.com/news/local/hundreds-rally-at-women-s-march-in-downtown-coos-bay/article_997db7f0-b921-5aef-8e37-5945831c8400.html,43.215143,-124.198358
"Copper Harbor, MI",19,19,19,https://twitter.com/LlrCandy/status/823050874305921024,47.46694,-87.875
"Cordova, AK",108,114,111,onsite eyewitness who did headcount,35.13851,-89.760016
"Corpus Christi, TX",24,24,24,http://www.kristv.com//story/34315427/corpus-christi-womens-march#.WIRF0H0kfZo.twitter,27.797802,-97.399067
"Cortez, CO",400,504,452,http://www.cortezjournal.com/article/20170121/NEWS01/170129975/400-march-through-snow-in-Cortez-unity-demonstration,37.373594,-108.662826
"Corvallis, OR",100,100,100,FB,44.639931,-123.275969
"Crested Butte, CO",350,400,375,https://twitter.com/jcgreenfield/status/823228054864596993,38.880713,-106.94868
"Crestone, CO",1,1,1,FB,41.049896,-94.347137
"Dallas, TX","5,000",8000,6500,http://www.dallasnews.com/news/dallas/2017/01/21/watch-dallas-womens-march-kicks-downtown,32.781179,-96.790329
"Dayton, OH","3,000",3000,3000,http://www.mydaytondailynews.com/news/local/thousands-rally-dayton-part-women-march-events/ZlU3xaMQAph01LyLEZPs4H/,39.750471,-84.268593
"Daytona Beach, FL",100,100,100,http://www.news-journalonline.com/news/20170121/signs-of-solidarity-women-take-part-locally-in-two-sister-marches,29.194,-81.047652
"Decorah, IA",300,800,550,onsite eyewitness who did headcount,33.853945,-84.215369
"Delhi, NY",50,120,85,instagram #delhiny,37.429369,-120.762047
"Deming, NM",45,50,47.5,http://www.demingradio.com/news/local-group-marches-in-solidarity-with-womens-march-on-washington,32.079682,-107.683073
"Denton, TX","2,500",2800,2650,http://www.dentonrc.com/local-news/local-news-headlines/20170121-divided-nation-united-denton.ece,33.220974,-97.146038
"Denver, CO","200,000",200000,200000,https://twitter.com/DenverChannel/status/822879895487475712 ,39.726303,-104.856808
"Des Moines, IA","26,000","26,000",26000,http://whotv.com/2017/01/21/thousands-rally-at-iowa-state-capitol-for-womens-march-against-trump/,41.672687,-93.572173
"Detroit, MI",4000,4000,4000,http://www.detroitnews.com/story/news/local/detroit-city/2017/01/21/thousands-march-detroit-opposing-trump-presidency/96880054/,42.347021,-83.060184
"Douglas-Saugatuck, MI","1,200","2,500",1850,via email JP,36.413662,-96.168498
"Doylestown, PA","1,000","1,000",1000,https://twitter.com/JimAleski/status/823025384748974080,40.31011,-75.12989
"Driggs, ID","1,000","1,000",1000,http://planetjh.com/2017/01/21/in-pictures-the-womens-march-on-jackson/,43.713752,-111.158402
"Dubuque, IA",400,400,400,channel 13 whotv.com,42.545412,-90.6963
"Duluth, MN","1,500","1,500",1500,Duluth News Tribune,47.005566,-92.001934
"Durango, CO","1,000","1,000",1000,FB,37.318364,-107.880367
"Eagle Pass, TX",,,,,28.781057,-100.312766
"East Haddam, CT",500,500,500,https://twitter.com/ColleenFree/status/823159668541366273,33.963346,-118.018121
"Eastport, ME",70,70,70,FB,41.813429,-71.363348
"Eastsound, WA",,,,,38.644405,-90.140016
"Eau Claire, WI",250,250,250,http://www.weau.com/content/news/Hundreds-march-in-Eau-Claire-to-support-Womens-March-411425375.html,44.75653,-91.473097
"El Paso, TX","1,000","2,000",1500,https://twitter.com/AdriaKFOX_CBS/status/822987688689078272,31.763608,-106.484592
"Elgin, IL",200,"1,000",600,The Courier News,42.034492,-88.238396
"Elkton, OR",,,0,,39.56186,-75.87574
"Ellsworth, ME",60,60,60,https://twitter.com/UpFrontSoul/status/823162970633015300,44.477935,-68.356311
"Ely, MN",50,50,50,http://elyecho.com/articles/2017/01/21/ely-area-women-hold-rally-saturday-whiteside-park,32.914889,-111.261161
"Encinitas, CA (Seacrest)",50,50,50,http://www.nbcsandiego.com/news/local/This-is-a-Little-One-Seniors-Walk-in-Solidarity-With-the-Womens-March-411446085.html,33.016928,-116.846046
"Ephrata, WA",250,250,250,FB,47.31764,-119.55365
"Erie, PA","2,500","2,500",2500,http://www.goerie.com/news/20170121/thousands-demonstrate-in-womens-march-on-erie,42.121293,-80.088919
"Eugene, OR","7,000","10,000",8500,http://registerguard.com/rg/news/local/35195183-75/more-than-7000-participate-in-womens-march-in-eugene-joining-hundreds-of-thousands-around-the-nation.html.csp,40.605382,-73.755133
"Eureka, CA","5,000","8,000",6500,https://lostcoastoutpost.com/2017/jan/21/hundreds-flood-eurekas-streets-solidarity-womens-m/,40.798802,-124.15192
"Fairbanks, AK","2,000","2,000",2000,http://www.newsminer.com/news/local_news/gather-in-subzero-fairbanks-weather-for-women-s-march/article_239e5470-e01f-11e6-a089-7f4103a02ed3.html,67.094545,-149.336012
"Fairfax, CA",,,,,38.853231,-77.305097
"Fairfield, IA",200,200,200,FB,38.278428,-122.020276
"Fairmont, WV",95,95,95,FB photo of marchers,37.565285,-121.982721
"Falmouth, MA","1,000","1,000",1000,https://twitter.com/DaveMcGlinchey/status/823023657266114564,44.555144,-123.439249
"Fargo, ND","1,000","3,000",2000,FB,46.927094,-96.834703
"Fayetteville, AR","1,000","1,000",1000,FB,35.0748,-78.884257
"Fernandina Beach, FL",1000,1300,1150,http://www.fbnewsleader.com/news/womens-march-fernandina-beach,30.609692,-81.49172
"Flagstaff, AZ",1200,1200,1200,http://www.azcentral.com/story/news/local/phoenix/2017/01/21/phoenix-womens-march-sister-washington-capitol/96849890/,35.287661,-111.639303
"Florence, OR",300,300,300,https://twitter.com/texdakota/status/823256159989604353,34.82298,-87.661652
"Floyd, VA",200,200,200,FB,29.900262,-89.894926
"Forks, WA",45,45,45,FB,38.655263,-121.260709
"Fort Wayne, IN",1000,1000,1000,http://www.journalgazette.net/news/local/Thousand-drawn-to-local-protest-17399065,44.359835,-70.074555
"Fort Bragg, CA",,,,,39.4,-123.81667
"Fort Sumner, NM",,,,,35.366188,-94.416458
"Fort Worth, TX",5000,6000,5500,https://twitter.com/JillianEMcClure/status/822928537627795457,32.771419,-97.291484
"Francestown, NH",134,134,134,http://www.unionleader.com/Francestown-holds-peaceful-womens-march,40.984442,-86.83465
"Frederick, MD","1,000","1,000",1000,http://www.fredericknewspost.com/news/politics_and_government/hundreds-descend-on-downtown-frederick-for-sister-march/article_2445f10a-8356-5787-ade1-95e208c97c9b.html,39.443551,-77.33294
"Fredonia, NY",,,,,40.59819,-124.15728
"Fresno, CA","2,000","2,000",2000,http://www.fresnobee.com/news/local/article128014199.html#storylink=cpy,36.8411,-119.801015
"Friday Harbor, WA","1,500","1,500",1500,http://sanjuanislander.com/photos/event-photos/slideshow-jan-21-women-s-march-in-friday-harbor,48.538181,-123.068323
"Gainesville, FL","1,500","1,500",1500,http://www.gainesville.com/news/20170121/about-1500-join-womens-march-in-gainesville,29.648993,-82.324515
"Galesburg, IL",100,500,300,http://tspr.org/post/western-illinois-march-women,40.944559,-90.385282
"Gila, NM",1,1,1,FB,32.9659,-108.57672
"Glens Falls, NY","1,000","1,000",1000,FB,40.605382,-73.755133
"Glenwood Springs, CO",100,100,100,https://twitter.com/SarahGoTrillIum/status/823018327316566016,39.601448,-107.304314
"Gold Canyon, AZ",,,,,33.29367,-111.30429
"Gouldsboro, ME",25,45,35,https://twitter.com/UpFrontSoul/status/823162970633015300,35.368277,-78.092871
"Grand Forks, ND",304,304,304,http://www.grandforksherald.com/news/4203526-hundreds-attend-grand-forks-event-inspired-national-womens-march,47.866638,-97.141144
"Grand Junction, CO","4,500","5,000",4750,FB (from on-site source),39.069019,-108.583126
"Grand Marais, MN",100,100,100,https://twitter.com/bryanhansel/status/823244421185630208,46.787879,-123.011247
"Grand Rapids, MI",300,300,300,http://woodtv.com/2017/01/21/hundreds-rally-in-grand-rapids-for-womens-rights/,42.984226,-85.629101
"Grants Pass, OR",1,1,1,FB,40.87227,-98.368698
"Green Bay, WI",200,200,200,http://www.greenbaypressgazette.com/story/news/2017/01/21/green-bay-womens-march/96782676/?hootPostID=6979db0a7bd407815831ee0e0e039277,40.605382,-73.755133
"Green Valley, AZ",400,400,400,Green Valley News,40.605382,-73.755133
"Greenfield, MA","1,000","2,000",1500,FB,35.580444,-77.392609
"Greensboro, NC","3,000","6,000",4500,http://myfox8.com/2017/01/21/2800-people-attend-womens-march-in-greensboro/,36.069144,-79.765156
"Greenville, SC","2,000","2,000",2000,http://www.greenvilleonline.com/story/news/2017/01/21/womens-rally-fills-falls-park-amid-worldwide-protests/96889616/,35.580444,-77.392609
"Greenwood, IN",,,,,39.62181,-86.175319
"Gross Pointe, MI","1,143",1300,1221.5,https://www.facebook.com/photo.php?fbid=10210356424360030&set=a.3839839387551.2159182.1025029153&type=3&theater,40.38748,-104.56163
"Gualala,CA",203,300,251.5,onsite source via google form,38.836933,-123.527323
"Gulfport, MS",300,300,300,FB,30.382966,-89.102426
"Gustavus, AK",105,105,105,FB,45.645373,-104.023825
"Haines, AK",150,170,160,onsite source via FB,36.1092,-97.89867
"Halfway, OR",,,,,39.620652,-77.758883
"Harrisburg, PA","1,100","1,100",1100,http://www.pennlive.com/news/2017/01/harrisburg_version_of_womens_m.html#incart_river_mobile_home_pop,40.258655,-76.894376
"Harrisville, MI",5,5,5,https://twitter.com/nowosadwoman/status/823223865086267392,41.281332,-111.988275
"Hartford, CT","10,000","10,000",10000,http://www.courant.com/news/connecticut/hc-hartford-inauguration-rally-20170121-story.html,41.78007,-72.677099
"Hattiesburg, MS",,,,,31.245138,-89.28071
"Helena, AR",2,2,2,FB,46.527398,-112.21037
"Helena, MT","10,000","10,000",10000,http://helenair.com/news/local/montana-women-s-march-draws-an-estimated/article_d04ff8b8-4f77-5e8f-b683-2941b39d4276.html,46.527398,-112.21037
"Hemet, CA",,,,,33.667301,-116.963506
"Hilo, HI","1,500",2200,1850,http://www.hawaiitribune-herald.com/news/local-news/heeding-rallying-call-more-1000-attend-hilo-women-s-march,0,0
"Hillsborough, NC",200,200,200,Herald Sun,45.458397,-122.977963
"Homer, AK",900,900,900,FB,59.6425,-151.54833
Honolulu (Oahu) HI,"3,000","8,000",5500,http://www.staradvertiser.com/2017/01/21/breaking-news/thousands-march-around-state-capitol-in-show-of-solidarity/,24.859832,-168.021815
Hood River,,,,,45.7054,-121.52146
"Houghton, MI",500,500,500,http://www.uppermichiganssource.com/content/news/Houghton-marchers-for-womens-rights-411431685.html,33.953352,-86.745469
"Houston, TX","20,000","22,000",21000,http://www.chron.com/news/houston-texas/article/Tweets-from-the-Houston-Women-s-march-10873983.php,29.813142,-95.309789
"Hudson, NY","2,000","3,000",2500,http://m.registerstar.com/news/article_d498a278-e054-11e6-a01b-dfe6701814de.html?mode=jqm,28.382489,-82.64803
Huntsville,,,,,34.718428,-86.556439
"Idaho Falls, ID",500,500,500,http://www.eastidahonews.com/2017/01/500-people-attend-womens-march-idaho-falls/,44.302099,-114.595628
"Indiana, PA",100,200,150,http://wdadradio.com/downtown-indiana-site-of-march-connected-to-dc-march-for-women/,39.903026,-86.28395
"Indianapolis, IN","4,000","10,000",7000,https://twitter.com/rafkhach/status/822930702643720193,39.775092,-86.13216
"Inverness, CA",5,5,,FB,42.106323,-88.064363
"Iowa City, IA","1,000","1,000",1000,http://www.desmoinesregister.com/story/news/2017/01/21/nearly-1000-people-join-womens-march-iowa-city/96889784/,42.070024,-93.493347
Issaquah,56,56,56,FB,47.497419,-122.010699
"Ithaca, NY","10,000","10,000",10000,https://twitter.com/cornellsun/status/822868186672537602,42.402794,-76.483999
"Jackson, NH",,,,,32.289656,-90.184201
"Jackson, MS",750,5000,2875,https://twitter.com/FBrownWilliams/status/823037789113565184,32.289656,-90.184201
"Jackson Hole, WY","1,000","1,000",1000,http://planetjh.com/2017/01/21/in-pictures-the-womens-march-on-jackson/,32.289656,-90.184201
"Jacksonville, FL","2,000","3,000",2500,http://jacksonville.com/metro/2017-01-09/local-marchers-show-solidarity-national-women-s-protest,30.337538,-81.768622
"Jerome, AZ",85,100,92.5,onsite headcount via google form,42.736869,-114.374568
"Jonesborough, TN",1000,1000,1000,http://www.johnsoncitypress.com/gallery/Women-s-March-in-Jonesborough-GALLERY,35.835847,-90.623071
"Joseph, OR",310,310,310,FB,45.406071,-117.073337
"June Lake, CA",,,,,37.78854,-119.07459
"Juneau, AK",1000,1000,1000,http://juneauempire.com/slideshow/news/2017-01-21/slideshow-juneau-marches-force#slide-1,58.373561,-134.523946
"Kalamazoo, MI","1,000","1,000",1000,http://www.mlive.com/news/kalamazoo/index.ssf/2017/01/more_than_1000_people_march_in.html,40.100924,-83.013402
"Kanab, UT",175,175,175,FB,18.433757,-66.114752
"Kansas City, MO","10,000","10,000",10000,FB,38.498546,-98.38343
"Kauai, HI",,,,see Lihue,20.929444,-156.371111
"Kawaihae, HI",50,50,50,http://bigislandnow.com/2017/01/21/na-wahine-for-womens-rights-march-on-the-water/,20.041111,-155.830556
"Keene, NH",300,300,300,http://www.sentinelsource.com/news/local/area-march-draws-crowd-of-more-than/article_7de8951d-180d-5791-b3ba-c1e623115227.html,40.605382,-73.755133
"Kennbunk, ME",400,700,550,"eyewitness acct
",43.38409,-70.54419
"Kent, CT",180,180,180,https://twitter.com/jahansell/status/823009339174780928,0,0
"Kent, OH",100,100,100,https://twitter.com/KabirBhatiaTime/status/822899486171234305,0,0
"Ketchikan, AK",150,200,175,https://twitter.com/polarscribe/status/822999640291184640,55.400674,-131.67409
"Ketchum, ID","1,150","1,150",1150,http://www.kmvt.com/content/news/More-than-1000-people-march-for-womens-rights-in-Ketchum-411436945.html,43.669159,-114.485781
"Key West, FL","3,200","3,200",3200,http://wlrn.org/post/thousands-march-key-west-sea-sea,24.561353,-81.909735
"Killington, VT",,,,,35.287754,-94.883911
"King's Beach, CA",,,,,39.24886,-120.0202
"Kingston, WA",60,60,60,http://www.kitsapdailynews.com/news/group-engages-in-civil-informationing-in-support-of-womens-march/,41.96973,-74.06678
"Klamath Falls, Oregon",300,300,300,https://twitter.com/dawnalbright/status/823006341987827713,42.293293,-121.816873
"Knoxville, TN","2,000","2,000",2000,FB,36.032334,-83.884804
"Kodiak, AK",,,,FB group,57.613209,-153.403556
"Kona, HI","3,000","3,500",3250,Big Island Video News,0,0
"Kotzebue, AK",,,,,66.865256,-161.780844
"La Crosse, WI",,100,50,FB,33.973951,-118.248405
"La Grande, OR",,,,,33.973951,-118.248405
Lafayette,50,75,62.5,eyewitness,30.24171,-91.991044
"Lafayette, IN",800,"1,000",900,jconline,30.24171,-91.991044
"Laguna Beach, CA","3,500","3,500",3500,FB,33.520941,-117.741315
"Lakeside, OH",300,300,300,http://www.sanduskyregister.com/story/201701210015,32.82235,-97.493355
"Lakeville, CT",85,100,92.5,eyewitness,44.633421,-93.25812
"Lancaster, NH",400,400,400,FB,34.713292,-118.15292
"Lancaster, PA",100,100,100,http://lancasteronline.com/news/local/hundreds-rally-in-penn-square-for-women-s-rights/article_5dcec858-dfe5-11e6-b8fe-4368bfd596b1.html,34.713292,-118.15292
"Lander, WY",350,350,350,https://twitter.com/thecarie/status/823042373030547456,30.583474,-97.857453
"Langley, WA","1,300","1,300",1300,FB,33.51791,-81.844
"Lansing, MI","10,000","10,000",10000,https://twitter.com/MIRSnews/status/822939639774400514,42.599184,-84.371973
"Laramie, WY",,,,,41.43902,-105.801022
"Las Cruces, NM",100,100,100,http://www.kvia.com/news/top-stories/hundreds-gather-in-downtown-el-paso-for-womens-march/284730114,32.290052,-106.753893
"Las Vegas, NV",5000,"15,000",10000,https://thenevadaindependent.com/article/thousands-expected-protest-trump-reno-las-vegas,36.17372,-115.10647
"Las Vegas, NM",50,50,50,FB,36.17372,-115.10647
"Leonia, NJ",100,100,100,http://www.northjersey.com/story/news/local/2017/01/21/local-womens-marches-draw-far-larger-crowds-than-expected/96778300/,42.461246,-70.946743
"Lexington, KY",5000,5000,5000,https://twitter.com/lexkypolice/status/822907799084683264,38.037847,-84.61645
"Lewis, NY",,,,https://www.facebook.com/events/244926602586263/,38.77456,-75.13935
"Lewisburg, PA",150,200,175,FB (people on site),35.504165,-86.792003
Lihue (Kauai) HI,"1,500","1,500",1500,http://thegardenisland.com/news/local/attend-sign-waving-event-support-women-s-march-on-washington/article_d7188a0b-7d09-5afe-9c33-0f2e80244eda.html,21.97583,-159.35479
"Lilly, PA",4,4,4,FB,46.7454,-114.299241
"Lincoln, NE","3,000","4,000",3500,http://journalstar.com/news/local/thousands-show-up-to-support-women-s-march-on-lincoln/article_2e87f297-d977-504f-b240-0f9946a37c68.html,40.865142,-96.823133
"Little Rock, AR","7,000","7,000",7000,http://www.arkansasonline.com/news/2017/jan/21/hundreds-march-street-state-capitol-downtown-littl/?news-arkansas,34.746905,-92.280049
"Logan, UT",,,,,41.717722,-111.836493
"Los Angeles, CA","200,000","750,000",475000,http://www.latimes.com/local/lanow/la-me-womens-march-los-angeles-20170121-story.html,33.973951,-118.248405
"Lompoc, CA",,,,,34.629464,-120.336594
"Longview, WA",200,200,200,http://tdn.com/news/local/longview-women-s-march-draws-around-people/article_824ee3c7-2905-5688-a146-148ce860874e.html,32.517846,-94.730285
"Longville, MN",67,67,67,https://twitter.com/curatress/status/822996713979912192,40.806849,-74.794595
"Louisville, KY","5,000","5,000",5000,http://www.courier-journal.com/story/news/politics/2017/01/21/local-activists-call-social-justice/96676446/,38.188962,-85.676819
"Loup City, NE",100,150,125,http://www.nbcneb.com/content/news/March-for-equality-takes-place-in-central-Nebraska-411432745.html,41.276435,-98.966954
"Lubbock, TX",350,350,350,http://lubbockonline.com/local/2017-01-21/hundreds-protest-lubbock-women-s-march,33.588771,-101.850445
"Lubec, ME",95,95,95,FB,33.588771,-101.850445
"Mt. Shasta, CA",400,400,400,http://www.mtshastanews.com/photogallery/CA/20170121/PHOTOGALLERY/121009998/PH/1,47.051177,-109.634817
"Mt. Laurel, NJ",20,20,20,https://twitter.com/KaraLogan21/status/823293332520632320,47.051177,-109.634817
"Madison, WI","75,000","100,000",87500,http://www.channel3000.com/news/mpd/284567959,43.06956,-89.423861
"Mankato, MN",50,50,50,http://www.mprnews.org/story/2017/01/21/photos-around-minnesota-women-and-men-march-for-womens-rights,44.128325,-93.978863
"Marfa, TX",76,76,76,Twitter,38.490332,-90.487066
"Martha's Vineyard, MA",100,100,100,http://www.mvtimes.com/2017/01/21/photos-womens-march-five-corners/,41.458594,-70.61592
"Marquette, MI",200,800,500,http://www.miningjournal.net/uncategorized/2017/01/hundreds-rally-for-womens-march-in-marquette/,26.244526,-80.206436
"Marquette, WI",200,300,250,FB,26.244526,-80.206436
"Maryville, IL",40,50,45,https://twitter.com/Pretty_pittie/status/823328254014668800,35.688378,-84.076895
"Kahului, Maui, HI","1,500",2000,1750,http://mauitime.com/news/politics/photos-of-todays-womens-march-on-maui/,20.883783,-156.462641
"Mayaguez, PR",,,,,18.181938,-67.133802
"McMinnville, OR",700,700,700,FB,45.187444,-123.237145
"Melbourne/Brevard County, FL",500,500,500,FB,35.174351,-82.753971
"Memphis, TN","3,000","9,000",6000,https://t.co/unaoHXpGUT,35.169255,-89.990415
"Menomonie, WI",200,200,200,https://twitter.com/trayf/status/823044387668193280,44.867809,-91.943198
"Mentone, AL",50,50,50,FB,46.71312,-100.952585
"Merrill, MI",,,,,45.217518,-89.713291
"Miami, FL","10,000","10,000",10000,http://www.miamiherald.com/news/local/community/miami-dade/article127925999.html,25.558428,-80.458168
"Miami Beach, FL",,,,,25.558428,-80.458168
"Midland, MI",400,400,400,http://www.mlive.com/news/saginaw/index.ssf/2017/01/midland_march.html,31.992384,-102.081464
"Midland, TX",50,50,50,cbs 7 midland,31.992384,-102.081464
"Miles City, MT",,,,,46.447808,-105.795343
"Milhelm, PA",50,50,50,FB,0,0
"Milwaukee, WI","1,000","1,000",1000,http://www.cbs58.com/story/34314179/hundreds-hit-the-streets-of-milwaukee-for-womens-march-on-washington,43.011264,-87.958409
"Minneapolis, MN",,,,"See St Paul, MN (also see 1/20)",44.984577,-93.269097
"Minocqua, WI",300,300,300,FB,45.827583,-89.824294
"Minturn, CO",6,6,6,FB,38.94266,-76.967057
"Missoula, MT",80,110,95,http://www.kpax.com/story/34315123/womens-march-takes-to-montanas-capitol-with-huge-crowd,46.856398,-114.014338
"Moab, UT",200,200,200,https://twitter.com/mmrj_tweet/status/822963369577615360,38.5804,-109.54019
"Mobile, AL",900,"1,000",950,FB (report from on site),30.701142,-88.103184
"Modesto, CA",900,900,900,http://www.modbee.com/news/article128034159.html,37.669463,-121.016796
"Mooresville, NC",70,70,70,http://www.mooresvilletribune.com/news/marching-to-make-a-point/article_f3388eee-e02e-11e6-a716-fb8d63c948f4.html,48.049576,-122.161951
Monhegan Island,22,22,22,email,46.73107,-93.95803
"Montpelier, VT","15,000","20,000",17500,http://www.burlingtonfreepress.com/story/news/2017/01/21/montpelier-womens-march-draws-7000/96888920/,32.847273,-79.820563
"Monterey Bay, CA","1,500","1,500",1500,http://www.montereyherald.com/social-affairs/20170121/womens-march-csumb-thousands-protest-trump,35.7423,-90.56233
"Morganton, NC",500,500,500,http://www.morganton.com/townnews/politics/a-call-for-equality-demonstrators-converge-on-downtown-in-support/article_250317d0-e018-11e6-97d8-5fd6a7377b4b.html#utm_source=morganton.com&utm_campaign=%2Fnewsletter%2Fbreaking%2F&utm_medium=email&utm_content=image,39.609911,-79.983141
"Morris, MN",250,250,250,Morris Tribune,41.337433,-88.430183
"Moscow, ID","2,500","2,500",2500,https://www.facebook.com/events/667336173434890/,46.735334,-116.870147
"Mount Vernon, OH",20,30,25,via email (JP),42.773711,-72.520166
"Mount Vernon, WA",200,200,200,https://www.goskagit.com/news/young-and-old-take-on-downtown-mount-vernon-for-women/article_d216fe5e-24a5-5606-9e21-706c1db3ff2f.html/#utm_source=goskagit.com&utm_campaign=related-by-section&utm_medium=direct&utm_term=young%20and%20old%20take%20on%20downtown%20mount%20vernon%20for%20women%27s%20march,42.773711,-72.520166
"Murfreesboro, TN",,,,,35.762951,-86.372158
"Murray, KY",700,700,700,http://wkms.org/post/hundreds-join-march-equality-and-social-justice-murray,40.666892,-111.887991
"Nacogdoches, TX",200,300,250,FB,31.558383,-94.504452
"Nantucket, MA",400,400,400,http://www.ack.net/news/20170121/your-nantucket-womens-march-photos-wanted,41.287647,-70.08665
"Napa, CA","3,000","3,000",3000,http://napavalleyregister.com/news/local/napa-women-s-march-spreads-message-of-love-hope-solidarity/article_53aae273-59e4-5b49-ab51-3e4a13a6e729.html,0,0
"Naples, FL","2,500","5,000",3750,http://www.nbc-2.com/story/34313013/womens-march-on-dc-echoed-in-naples,26.032137,-81.761821
"Nashville, TN","15,000","20,000",17500,https://twitter.com/Killingcrawdads/status/822924062213210112,36.02049,-77.982782
"Nevada City, CA",100,100,100,http://www.theunion.com/news/local-news/group-gathering-in-nevada-city-in-support-of-marchers-worldwide/,39.331093,-116.615147
"New Bern, NC",300,600,450,https://twitter.com/UncleIllya/status/823023824253964288,35.125849,-76.977181
"New Haven, CT",200,200,200,http://www.newhavenindependent.org/index.php/archives/entry/local_march/,41.365709,-72.927507
"New Orleans, LA","10,000","10,000",10000,http://www.theadvocate.com/new_orleans/news/article_b6a63598-e002-11e6-9066-575bd82cb3da.html,29.958304,-90.077
"New Smyrna Beach, FL","1,000","1,000",1000,http://www.news-journalonline.com/news/20170121/signs-of-solidarity-women-take-part-locally-in-two-sister-marches,28.951931,-81.033705
"New York, NY","400,000","500,000",450000,https://twitter.com/amNewYork/status/822978182315999233,40.68863,-74.018244
"Newark, DE","1,200","1,200",1200,https://twitter.com/Happy_Dem/status/822998092941291521,40.736101,-74.22509
"Newark, NJ","1,000","1,000",1000,FB,40.736101,-74.22509
"Newport, OR","1,500","1,500",1500,http://www.newportnewstimes.com/v2_news_articles.php?heading=0&story_id=54234&page=86,41.487552,-71.327084
"Nome, AK",100,100,100,https://twitter.com/frostlaur/status/822937152526827521,64.50111,-165.40639
"Norfolk, VA","2,000","2,000",2000,http://pilotonline.com/news/local/sister-marches-draw-thousands-to-downtown-norfolk-to-support-women/article_491f897c-2be6-5968-9f8a-2df7250a0184.html,36.895911,-76.208521
"Northampton, MA","1,000","2,500",1750,http://www.gazettenet.com/Northampton-Women-s-March-7616557,42.321488,-72.630588
"Oakhurst, CA",200,200,200,http://www.fresnobee.com/news/local/article128014199.html,40.261158,-74.021382
"Oakland, CA","60,000","100,000",80000,@oaklandpoliceca,37.786027,-122.223779
"Oak Ridge, TN",450,550,500,onsite eyewitness (estimated based on # buttons/flyers distributed),36.019381,-84.243175
"Ocala, FL",100,200,150,https://www.youtube.com/watch?v=Yu7OYoX1Xqs,29.198907,-82.087425
"Ocean City, MD",100,100,100,http://www.wmdt.com/news/maryland/hundreds-show-their-support-in-ocs-womens-march/284828523,33.016928,-116.846046
Ocean Shores,120,120,120,FB,47.071971,-124.152461
"Ocracoke, NC",108,108,108,https://twitter.com/jcgreenfield/status/823321395904004096,35.12803,-75.91538
"Ogden, UT",300,300,300,http://www.sltrib.com/news/4847223-155/ogden-women-join-those-across-the,41.244261,-112.007924
"Oklahoma City, OK","12,000","12,000",12000,http://www.oudaily.com/news/women-s-march-on-oklahoma-draws-more-than-participants-to/article_80574326-e03c-11e6-b82e-fbc64b811c6c.html,35.590051,-97.486815
"Old Saybrook, CT",,,0,,41.300448,-72.389129
"Olympia, WA","10,000","10,000",10000,http://www.theolympian.com/news/local/article127924384.html,46.984767,-122.869079
"Omaha, NE","12,000","14,000",13000,http://www.omaha.com/news/politics/women-s-march-fills-omaha-streets-to-send-a-message/article_5de6469e-58ff-5e39-b4de-290a99e01a26.html,41.291736,-96.171104
"Oneonta, NY",500,500,500,http://www.allotsego.com/women-allies-march-across-otsego-county/,42.461688,-75.096727
"Onley, VA",50,50,50,http://www.ask4direct.com/InfoRead.asp?id=WESR&InfoID=1028534,42.370456,-98.665685
"Ontario, CA",200,200,200,http://www.pe.com/articles/san-823719-bernardino-participated.html,34.839964,-115.967051
"Orange County, CA",,,,"See Santa Ana, CA",33.640302,-117.769442
"Orlando, FL","3,000","3,000",3000,http://www.orlandosentinel.com/news/os-lake-eola-womens-march-20170121-story.html,28.545179,-81.373291
"Oxford, MS",450,450,450,http://thedmonline.com/hundreds-gather-oxfords-womens-march/,39.479227,-84.68575
"Pacifica, CA","1,200","1,200",1200,FB,37.616774,-122.480015
"Palm Desert, CA","1,000","1,000",1000,FB,33.76437,-116.339766
"Palm Springs, CA",600,600,600,FB,33.842567,-116.527996
"Palmdale, CA",24,24,24,http://www.twcnews.com/ca/antelope-valley/news/2017/01/21/protesters-gather-in-antelope-valley-in-support-of-women-s-march-on-washington.html,34.408383,-118.123597
"Palmer, AK",377,377,377,https://www.facebook.com/events/819642308177150/,40.00706,-75.02823
"Park City, UT","8,000","8,000",8000,http://deadline.com/2017/01/sundance-womens-march-attendance-high-chelsea-handler-donald-trump-1201891609/,40.652531,-111.501916
"Panama City, FL",500,500,500,http://www.newsherald.com/news/20170121/hundreds-gather-protest-at-panama-city-womens-march,30.159737,-85.660922
"Paoli, IN",67,67,67,verified through user photo,41.40805,-92.91631
"Pasadena, CA","1,700","1,700",1700,FB,29.83399,-95.434241
"Peoria, IL","1,500","2,000",1750,http://www.centralillinoisproud.com/news/local-news/peoria-rally-in-support-of-womens-march-on-washington/643865167,33.573244,-112.245852
"Pendelton, OR",425,425,425,http://www.eastoregonian.com/eo/local-news/20170121/protestors-pack-pendleton-for-womens-march,45.67208,-118.7886
"Pensacola, FL","2,000","2,000",2000,http://www.pnj.com/story/news/local/pensacola/downtown/2017/01/21/hundreds-brave-rain-join-pensacola-march-women/96795864/,30.428781,-87.222516
"Pence, WI",1,1,1,FB,17.990567,-66.607542
"Pequannock Township / Pompton Plains, NJ",800,"1,000",900,http://www.northjersey.com/story/news/2017/01/21/crowds-gathering-womens-march-protests/96778388/,40.886263,-74.559782
"Philadelphia, PA","50,000","50,000",50000,http://www.philly.com/philly/blogs/real-time/Womens-Marches-in-Washington-DC-and-Philadelphia-Live-updates-Jan-21-2017.html,40.001811,-75.11787
"Phoenix, AZ","20,000","20,000",20000,http://www.azcentral.com/story/news/local/phoenix/2017/01/21/phoenix-womens-march-sister-washington-capitol/96849890/,33.703967,-112.351835
"Pierre, SD",,,,,33.573244,-112.245852
"Pikeville, KY",,100,50,https://twitter.com/sheila_isaac/status/823375791601963008,37.514701,-82.513615
"Pinedale, WY",100,100,100,FB,41.82064,-75.4199
"Pittsburgh, PA","25,000","25,000",25000,http://www.post-gazette.com/local/city/2017/01/21/Pittsburgh-groups-protest-against-Trump/stories/201701210111,40.47441,-79.950968
"Pittsfield, MA","1,500",1500,1500,http://theberkshireedge.com/sister-march-at-colonial-theatre-draws-throngs-from-across-the-berkshires/,42.479475,-73.24807
"Plattsburg, NY",182,182,182,https://twitter.com/elodiemet/status/823227264645132288,44.704021,-73.471148
"Plymouth, WI",200,200,200,http://www.sheboyganpress.com/videos/news/local/2017/01/21/hundreds-attend-million-person-unity-marches-sheboygan-county/96905712/,45.010519,-93.455509
"Pocatello, ID","1,200",1200,1200,http://idahostatejournal.com/members/marchers-show-up-in-droves-for-women-s-march-on/article_fe93fb5e-f29b-5784-bda9-6f66cc342649.html,42.904933,-112.380079
"Port Angeles, WA",100,100,100,FB,48.051108,-123.360411
"Port Jefferson, NY","2,000","2,000",2000,http://www.newsday.com/long-island/women-s-values-rallies-in-huntington-port-jefferson-station-1.12993518,40.94649,-73.06927
"Port Jervis, NY",350,500,425,onsite eyewitness via google form,41.37509,-74.69266
"Port Orford, OR",280,300,290,onsite eyewitness via google form; did headcount,35.973777,-118.703592
"Port Townsend, WA","1,000","1,000",1000,FB,48.018572,-122.849683
"Portland, ME","10,000","10,000",10000,http://www.pressherald.com/2017/01/21/signs-sentiments-crowd-eastern-prom-for-womens-march/,45.507856,-122.690794
"Portland, OR","70,000","100,000",85000,https://twitter.com/scaackler/status/822995313703075840,45.507856,-122.690794
"Portsmouth, NH","3,000",5000,4000,"http://www.seacoastonline.com/news/20170121/portsmouth-womens-march-draws-thousands
",36.811498,-76.367715
"Poughkeepsie, NY","4,000",5000,4500,https://www.facebook.com/rivera.sun.3?fref=nf&pnref=story.unseen-section,41.701908,-73.911521
"Prescott, AZ","1,200","1,200",1200,http://www.dcourier.com/photos/galleries/2017/jan/21/womens-march-in-prescott/,34.591349,-112.426312
"Providence, RI","7,000","7,000",7000,https://twitter.com/JohnMarionjr/status/822980976628404226,41.82275,-71.414451
"Provincetown, MA",300,300,300,http://capecodwave.com/provincetown-womens-march-going-speak/,42.05844,-70.17864
"Raleigh, NC","17,000","20,000",18500,http://www.wral.com/organizers-estimate-17-000-gather-in-raleigh-for-women-s-march/16456580/,35.773632,-78.634457
"Rapid City, SD",1000,"2,000",1500,https://twitter.com/ThatBrandyn/status/822891625676275712,44.145868,-103.206866
"Reading, PA",100,200,150,http://www.readingeagle.com/news/article/crowds-gather-in-city-park-in-reading-for-sister-march,40.600342,-122.455016
"Red Bank, NJ",200,200,200,newjersey.news12.com/multimedia/hundreds-march-in-solidarity-in-red-bank-1.12994794,40.358409,-74.068143
"Redding, CA",300,300,300,http://www.redding.com/story/news/local/2017/01/21/live-tweets-womens-march-redding-city-hall/96882162/,40.600342,-122.455016
"Redondo Beach, CA","1,800","1,800",1800,http://www.easyreadernews.com/144169/redondo-beach-womens-march-draws-1800-participants/,33.830006,-118.387124
"Redwood City, CA","2,500","2,500",2500,https://twitter.com/AlexHorovitz/status/822997333151387649,37.381144,-122.334825
"Reno, NV","10,000","10,000",10000,http://www.rgj.com/story/news/2017/01/21/s-change-reno-womens-march-washington/96888834/,39.525749,-119.813051
"Richland, WA",1000,2500,1750,http://www.tri-cityherald.com/news/local/article128022844.html,46.28569,-119.28446
"Richmond, VA",2000,2000,2000,http://richmondfreepress.com/news/2017/jan/20/thousands-join-march-monument-message-equality-uni/,37.524246,-77.493157
"Ridgecrest, CA",180,200,190,onsite eyewitness; headcount at start with others joining along route,35.606509,-117.683472
"Ridgeway, CO",50,50,50,FB,36.579801,-79.877967
"Riegelsville, PA",170,170,170,Bucks County Courier Times,40.567316,-75.236191
"Riverside, CA",4000,4000,4000,http://www.pasadenastarnews.com/general-news/20170121/thousands-of-women-others-rally-in-riverside-to-protest-trumps-policies,33.99504,-117.373184
"Roanoke, VA",3000,3000,3000,http://www.wdbj7.com/content/news/Thousands-marched-for-women-in-Roanoke-411421475.html,37.274175,-79.95786
"Rochester, MN",600,1000,800,https://twitter.com/water_violin/status/822997922757349376,43.286024,-77.684264
"Rochester, NY",1500,2000,1750,http://www.democratandchronicle.com/story/news/2017/01/21/women-upset-trumps-presidency-hold-rallies-locally/96715496/,43.286024,-77.684264
"Rockford, IL","1,000","1,000",1000,http://www.rrstar.com/news/20170121/crowds-pack-downtown-rockford-for-womens-march-protest,42.33342,-89.157198
"Roswell, NM",2,2,2,"via email (JP)
",34.055198,-84.370475
"St. Augustine, FL","1,000","2,000",1500,http://www.firstcoastnews.com/news/womens-march-makes-its-way-to-the-first-coast/389706372,29.918235,-81.367087
"St. George, UT","1,200","1,475",1337.5,organizer head count,33.988832,-84.858967
"St. John, VA",,,,,41.453965,-87.453086
"St. Louis, MO","20,000","20,000",20000,FB,38.631501,-90.19231
"St. Mary's City, MD",10,10,10,https://www.facebook.com/eric.heisler.79/posts/10210356063470308,38.437603,-90.865843
"St. Mary of the Woods, IN",,,,,40.851549,-73.840908
"St. Paul/Minneapolis, MN","90,000","100,000",95000,https://twitter.com/sppdPIO/status/822974502434930688,44.952452,-93.320647
"St. Petersburg, FL","20,000","20,000",20000,http://www.tampabay.com/news/politics/elections/womens-march-surpassed-20000-protesters-making-it-largest-in-st-petersburg/2310416,27.775654,-82.64092
"Sacramento, CA","20,000","20,000",20000,http://www.sacbee.com/news/local/article127914504.html,38.380456,-121.555406
"Sag Harbor, NY",250,250,250,http://easthamptonstar.com/News/7/East-Enders-Marched-Washington-NYC-and-Sag-Harbor,40.99788,-72.29258
"Salem, OR","1,000","2,000",1500,http://www.statesmanjournal.com/story/news/2017/01/21/womens-march-salem-unites-thousands-people/96850428/,44.94878,-123.003655
"Salem, WI",2,2,2,eyewitness onsite,44.94878,-123.003655
"Salida, CO",,,,,37.71553,-121.08695
"Salisbury, CT",200,200,200,https://twitter.com/jahansell/status/823009339174780928,35.680441,-80.45316
"Salt Lake City, UT",,,,http://www.sltrib.com/home/4843395-155/about-1000-utahns-rally-against-president,40.756095,-111.900719
"San Antonio, TX","1,500","1,500",1500,http://www.mysanantonio.com/news/local/article/Women-in-San-Antonio-take-to-the-streets-to-10873833.php,29.468413,-98.528889
"San Bernardino, CA",80,80,80,http://www.pe.com/articles/san-823719-bernardino-participated.html,34.104794,-117.29215
"San Clemente, CA",100,200,150,San Clemente Times,47.534473,-121.816158
"San Diego, CA","30,000","40,000",35000,http://www.kpbs.org/news/2017/jan/20/thousands-san-diegans-march-womens-rights/,32.724103,-117.170912
"San Francisco, CA","100,000","150,000",125000,http://sanfrancisco.cbslocal.com/2017/01/21/huge-crowd-san-francisco-rally-womens-march/,37.776646,-122.417481
"San Jose, CA","25,000","25,000",25000,http://www.sfchronicle.com/bayarea/article/Crowds-gather-to-demonstrate-against-Trump-10873932.php,37.189396,-121.705327
"San Juan, PR",,,,,18.465901,-66.103568
"San Leandro, CA",,,,,37.715629,-122.158621
"San Luis Obispo, CA","10,000","10,000",10000,http://snewsi.com/id/17147530942/Thousands-march-despite-rain-Saturday-in-San-Luis-Obispo,35.180139,-120.730674
"San Marcos, CA","3,000","10,000",6500,http://www.sandiegouniontribune.com/communities/north-county/sd-no-san-marcos-march-20170119-story.html,33.170778,-117.158674
"San Rafael, CA",500,500,500,FB,37.970948,-122.504286
"Sanford, ME",,,,,28.793491,-81.299169
"Sandpoint, ID",800,1000,900,http://www.bonnercountydailybee.com/local_news/20170121/marching_together_north_idaho_style,48.299486,-116.553968
"Sandy, OR",,,,,40.577106,-111.889047
"Santa Ana, CA","20,000","25,000",22500,http://www.ocregister.com/articles/march-741832-women-people.html,33.74822,-117.858473
"Santa Barbara, CA","2,000","6,000",4000,http://www.keyt.com/news/local-politics/hundreds-of-santa-barbara-residents-march-in-solidarity-with-national-protest/284648025,34.421897,-119.707135
"Santa Cruz, CA","10,000","15,000",12500,FB,37.052748,-122.111126
"Santa Fe, NM","10,000","17,000",13500,http://www.santafenewmexican.com/news/local_news/santa-feans-flood-downtown-streets-in-display-of-anger-hope/article_8bf2bb24-b83f-51e3-8434-8a18223dac5d.html,35.697473,-105.982146
"Santa Rosa, CA","4,300","5,000",4650,FB,38.450412,-122.783159
"Santurce, PR",,,,,38.450412,-122.783159
"Sarasota, FL","7,500","10,000",8750,https://twitter.com/sarasotapd/status/822888985689292800,27.335023,-82.537169
"Sault Ste Marie, MI",40,40,40,https://www.sootoday.com/local-news/women-resist-on-queen-street-516643,36.930404,-81.037445
"Savannah, GA","1,000","1,000",1000,http://savannahnow.com/news/2017-01-21/hundreds-march-downtown-savannah-promote-women-s-rights-oppose-trump,32.074679,-81.088261
"Saxaphaw, NC",80,80,80,https://twitter.com/HandyVillage/status/823178636790468609,0,0
"Seaside, CA","1,500","2,000",1750,onsite count via eyewitness,36.61107,-121.85162
"Seattle, WA","120,000","175,000",147500,http://www.capitolhillseattle.com/2017/01/womens-march-stretches-from-central-district-to-the-seattle-center/,47.432251,-121.803388
"Sedona, AZ","1,000","1,000",1000,FB,40.293558,-84.209198
"Seldovia, AK",41,41,41,via email (JP),59.449486,-151.700915
"Selinsgrove, PA",119,119,119,FB,40.825914,-76.857577
"Seneca Falls, NY","10,000","10,000",10000,http://fingerlakes1.com/2017/01/21/full-coverage-women-march-in-seneca-falls-2017/,42.905264,-76.794921
"Sequim, WA",300,500,400,https://twitter.com/davidacody/status/823226017674248196,48.06773,-123.080362
"Seward, AK",54,70,62,onsite count via Twitter (w/ photo),40.91582,-97.101341
"Sharon, PA",700,700,700,http://www.sharonherald.com/news/local_news/many-feet-one-voice/article_bba9716e-cc03-597c-8be8-ade51955213d.html,41.23311,-80.4934
"Sheboygan, WI",300,300,300,http://www.sheboyganpress.com/videos/news/local/2017/01/21/hundreds-attend-million-person-unity-marches-sheboygan-county/96905712/,43.71011,-87.735217
"Show Low, AZ",1,1,1,https://twitter.com/LynnMRichards/status/823171903464407040,38.561438,-89.897323
"Shreveport/Bossier, LA",200,1000,600,http://www.ksla.com/story/34314150/large-crowd-marches-in-downtown-shreveport-in-solidarity-with-womens-march-in-dc,32.498202,-93.750228
"Sicklerville, NJ",250,250,250,https://twitter.com/barbaradreyfuss/status/823227200304508932,40.28546,-75.491912
"Silver City, NM",500,500,500,FB,39.036289,-77.010948
"Silverton, CO",50,50,50,FB,48.07844,-121.567062
"Sioux Falls, SD","3,300","3,300",3300,http://www.argusleader.com/story/news/2017/01/21/thousands-join-womens-march-downtown-sioux-falls/96883868/,43.546358,-96.69063
"Sitka, AK",700,700,700,https://twitter.com/sarahebourne/status/823019012426780672,47.45371,-122.321791
"Skagway, AK",122,122,122,FB,59.456753,-135.314852
"Skykomish, WA",8,8,8,FB,47.70927,-121.3601
"Soldotna, AK",200,322,261,http://peninsulaclarion.com/news/local/2017-01-21/solidarity-women-s-march-community-gathering-bring-hundreds-out-soldotna,60.48778,-151.05833
"Sonoma, CA","3,000",3000,3000,http://www.sonomanews.com/news/6572152-181/thousands-turn-up-for-sonoma?artslide=0,38.255943,-122.476819
"South Bend, IN","2,000",2000,2000,https://t.co/fWEc8zTpWX,41.673383,-86.251654
"South Lake Tahoe, CA",700,700,700,http://southtahoenow.com/story/01/21/2017/snow-doesnt-stop-supporters-south-lake-tahoe-march-draws-500,38.906293,-120.83702
"South Orange, NJ","2,000","2,000",2000,FB,47.071862,-88.651973
"Spokane, WA","8,000","8,000",8000,http://www.spokesman.com/stories/2017/jan/21/thousands-more-than-expected-turn-out-for-womens-m/,47.66264,-117.435997
"Springfield, MO","2,000","2,000",2000,http://www.ky3.com/content/news/411423915.html,37.25807,-93.343673
"Springfield, IL","1,000","1,000",1000,State Journal Register,37.25807,-93.343673
"Steamboat Springs, CO","1,000","1,000",1000,http://www.steamboattoday.com/news/2017/jan/21/womens-march-steamboat-springs-surpasses-expectati/,40.486391,-106.829354
"Stamford, CT","5,000","5,000",5000,http://www.stamfordadvocate.com/local/article/Thousands-attend-Women-s-March-in-Stamford-10873898.php,41.054082,-73.536216
"Stanley, ID",30,30,30,https://twitter.com/Margot_Garnick/status/823006371444588544,44.95997,-90.93708
"State College, PA",300,500,400,FB,40.77893,-77.841359
"Stateline, NV",500,500,500,http://www.nevadaappeal.com/news/local/more-than-1-million-join-womens-marches-worldwide/,39.724825,-77.718629
"Statesboro, GA",200,200,200,https://twitter.com/jonathanhtweets/status/823054896165486593,32.425,-81.784956
"Staunton, VA",100,100,100,http://www.newsleader.com/story/news/local/2017/01/21/96880364/,33.80252,-117.99312
"Surry, ME",,,,,41.97819,-76.599403
"Syracuse, NY",2000,"2,000",2000,FB,43.02143,-76.197701
"Tallahassee, FL","15,000","18,000",16500,FB,30.427753,-84.258472
"Taos, NM",100,100,100,FB,0,0
"Tecumseh, MI",35,35,35,https://twitter.com/Anthony_Alaniz/status/823176969202319360,42.008398,-83.922214
"Telluride, CO",200,"1,000",600,FB,37.93749,-107.81229
"Terre Haute, Indiana",200,200,200,http://www.tribstar.com/news/local_news/wabash-valley-residents-gather-in-solidarity-with-marchers-in-washington/article_49969ab3-c25d-52a1-b185-aa99dd701846.html,39.433602,-87.410094
"Tillamook, OR",300,300,300,http://www.tillamookheadlightherald.com/news/womens-march-rally-draws-hundreds-in-tillamook/article_9ae75ab2-e02f-11e6-89fc-3f59da891fab.html,45.461952,-123.740874
"Toledo, OH",200,200,200,http://www.toledoblade.com/Politics/2017/01/21/Toledo-marchers-deliver-message-of-unity-after-inauguration.html,41.720684,-83.569359
"Topeka, KS","4,000","4,000",4000,FB,38.988075,-95.780662
"Traverse City, MI","3,000","3,000",3000,http://www.record-eagle.com/news/thousands-gather-for-traverse-city-women-s-march/article_547cdcb0-e029-11e6-be94-83e0491aa877.html,44.693963,-85.676342
"Trenton, NJ","7,500","7,500",7500,https://t.co/PlbfhQeCXd,40.280531,-74.712018
"Troy, OH",150,200,175,http://tdn-net.com/top-stories/18578/promoting-unity,42.606088,-83.297593
"Truth or Consequences, NM",,,,,37.236952,-77.436872
"Tucson, AZ","15,000","15,000",15000,http://tucson.com/news/local/join-women-s-march-in-tucson/article_a3326d7b-dc9c-5b3f-a443-e6667b3f4a6b.html,32.217975,-110.970869
"Tulsa, OK","1,000","1,000",1000,http://www.tulsaworld.com/homepagelatest/tulsa-rally-promotes-cause-of-women-s-rights-indigenous-group/article_688e80bc-a873-5087-bf2f-057e22435172.html#.WIRHr5jrEik.twitter,32.781179,-96.790329
"Twisp, WA",800,800,800,FB,48.36348,-120.1223
"Ukiah, CA","2,000","2,000",2000,http://www.ukiahdailyjournal.com/general-news/20170121/womens-march-in-ukiah-draws-record-crowds,39.15017,-123.20778
"Unalakleet, AK",38,38,38,adn.com,63.87306,-160.78806
"Union, WA",,,0,,38.45005,-91.00848
"Utica, NY",200,300,250,http://www.wktv.com/story/34315510/peaceful-human-rights-march-at-mvcc,43.077369,-75.233208
"Utqiagvik (Barrow), AK",22,22,22,https://twitter.com/trulyfrancesca/status/823000866718420993,33.927561,-117.887086
"Valdez, AK",100,130,115,https://jackpineradicals.com/boards/topic/womens-march-in-gustavus-alaska/,35.737757,-81.6166
"Valparaiso, IN",260,500,380,http://www.nwitimes.com/news/local/women-march-for-rights-in-valparaiso/article_a8aeff74-665f-52ec-a5ee-19cdbe93cf4e.html,41.454731,-87.065565
"Vancouver, WA",200,200,200,FB,45.678996,-122.720499
"Vashon, WA",251,300,275.5,eyewitness count,47.41219,-122.47255
"Ventura, CA","2,500","3,000",2750,http://www.vcstar.com/story/news/local/communities/ventura/2017/01/21/ventura-march-justice/96687692/,35.0748,-78.884257
"Vermillion, SD",500,500,500,http://siouxcityjournal.com/news/photos-vermillion-women-s-march/collection_383f9a7a-0427-5ff3-bfb6-03d3a83ea4ad.html#1,41.380755,-82.401637
"Vieques, PR",,,0,,18.123347,-65.460356
"Vinalhaven, ME",76,100,88,onsite eyewitness via google form,44.08511,-68.841965
"Visalia, CA",500,500,500,http://www.visaliatimesdelta.com/picture-gallery/news/2017/01/21/gallery-visalia-womens-march/96891282/,36.303793,-119.375646
"Walla Walla, WA","2,000","2,000",2000,union-bulletin.com,46.1341,-118.291407
"Walnut Creek, CA","3,000","10,000",6500,http://www.sfchronicle.com/bayarea/article/Crowds-gather-to-demonstrate-against-Trump-10873932.php,37.873343,-122.070625
Washington DC,"470,000","680,000",575000,https://www.nytimes.com/interactive/2017/01/22/us/politics/womens-march-trump-crowd-estimates.html?hp&action=click&pgtype=Homepage&clickSource=story-heading&module=photo-spot-region&region=top-news&WT.nav=top-news&_r=0,38.911936,-77.016719
"Watertown, NY",250,250,250,http://www.watertowndailytimes.com/news03/watertown-sister-rally-invokes-hope-battles-injustice-20170121,43.968892,-75.906501
"Watsonville, CA",300,500,400,eyewitness,36.98025,-121.74696
"Wausau, WI",200,200,200,FB,44.963304,-89.704051
"Welches, OR",,,,,45.327305,-121.973561
"Wellfleet, MA",113,113,113,via email (JP),40.762172,-100.760429
"Wenatchee, WA","2,000","2,000",2000,http://www.wenatcheeworld.com/news/2017/jan/21/huge-turnout-for-womens-march/,47.573816,-120.351884
"West Chester, PA",150,200,175,https://wcborodems.org/2017/01/21/in-solidarity-with-the-womens-march/,39.980107,-75.610503
"West Jefferson, NC",250,300,275,https://twitter.com/wineymomof2/status/822928844558663681,39.94886,-83.309892
"West Lima, WI",1,1,1,Twitter,42.07813,-76.845236
"West Palm Beach, FL","5,000",7000,6000,http://www.palmbeachpost.com/news/local/thousands-turn-out-west-palm-for-women-rally-against-trump/GURHjHOiaBFtDfODkqg0fM/,40.224597,-111.669615
"Westfield, NJ","1,000","2,000",1500,https://www.tapinto.net/towns/westfield/articles/womens-march-in-westfield-attracts-thousands,40.691613,-112.00105
"Wichita, KS",3000,3000,3000,http://www.kansas.com/news/local/article127951994.html,37.651974,-97.258997
"Wichita Falls, TX",150,150,150,http://www.timesrecordnews.com/story/news/local/2017/01/21/group-peacefully-marches-voice-their-concerns/96891804/,33.905544,-98.479881
"Williamsburg, VA",700,1000,850,http://wydaily.com/2017/01/21/womens-march-in-williamsburg-a-family-affair/,37.310451,-76.746769
"Willits, CA",50,50,50,FB,39.525958,-123.36573
"Wilmington, NC",3000,3000,3000,http://www.twcnews.com/nc/coastal/news/2017/01/21/womens-marches-planned-across-north-carolina.html,34.271985,-77.963628
"Wilton, NH",100,125,112.5,onsite eyewitness who did headcount (via google form),43.073715,-73.740236
"Winchester, VA",700,1200,950,onsite eyewitness & local news (via google form),36.131662,-115.168382
"Winston-Salem, NC",,,,,36.111102,-80.200493
"Winters, CA",200,200,200,FB,28.686894,-81.273258
"Woodstock, NY",1000,1000,1000,FB,42.320271,-88.462832
"Woodstock, VA",400,400,400,http://www.nvdaily.com/uncategorized/2017/01/women-hold-sister-march-in-woodstock/,42.320271,-88.462832
"Wooster, OH",500,1000,750,http://www.the-daily-record.com/local%20news/2017/01/22/rally-at-wooster-gazebo-draws-500,40.830699,-81.895377
"Worcester, MA",,,,http://www.telegram.com/news/20170121/central-mass-residents-turn-out-in-numbers-to-send-trump-message,42.265275,-71.879415
"Wyckoff, NJ",300,500,400,http://www.northjersey.com/story/news/local/2017/01/21/local-womens-marches-draw-far-larger-crowds-than-expected/96778300/,45.341881,-117.872662
"Yakima, WA",1000,1000,1000,http://www.yakimaherald.com/news/local/hundreds-are-marching-through-yakima/article_1a192d50-e009-11e6-87ed-17b155bb6c9c.html,46.722625,-120.406039
"Ypsilanti, MI",1200,1200,1200,https://twitter.com/theplaidjunct/status/822984190467645440,42.202139,-83.620494
"Yucca Valley, CA",50,75,62.5,,34.185894,-116.432416
"Yuma, AZ",,,,,32.701461,-114.657232
"Zebulon, GA",35,35,35,SPLCenter on twitter ,35.87922,-78.355582