WomensMarch,,,,,,,,
WomensMarchOnWashington,,,,,,,,
WomxnsMarch,,,,,,,,
WomensMarches,,,,,,,,
PussyHat,,,,,,,,
WomensRally,,,,,,,,
WomensMarchAA,,,,,,,,
WomensMarchABQ,,,,,,,,
WomensMarchAcapulco,,,,,,,,
WomensMarchAE,,,,,,,,
WomensMarchAK,,,,,,,,
WomensMarchAL,,,,,,,,
WomensMarchAlaska,,,,,,,,
WomensMarchALB,,,,,,,,
WomensMarchAlbany,,,,,,,,
WomensMarchAlbuquerque,,,,,,,,
WomensMarchAmsterdam,,,,,,,,
WomensMarchAnchorage,,,,,,,,
WomensMarchAntarctica,,,,,,,,
WomensMarchAP,,,,,,,,
WomensMarchAR,,,,,,,,
WomensMarchArkansas,,,,,,,,
WomensMarchAroundTheWorld,,,,,,,,
WomensMarchAS,,,,,,,,
WomensMarchAsburyPark,,,,,,,,
WomensMarchAsheville,,,,,,,,
WomensMarchATL,,,,,,,,
WomensMarchAtlanta,,,,,,,,
WomensMarchAustin,,,,,,,,
WomensMarchAZ,,,,,,,,
WomensMarchBA,,,,,,,,
WomensMarchBaltimore,,,,,,,,
WomensMarchBarcelona,,,,,,,,
WomensMarchBarnstaple,,,,,,,,
WomensMarchBayArea,,,,,,,,
WomensMarchBC,,,,,,,,
WomensMarchBCN,,,,,,,,
WomensMarchBelfast,,,,,,,,
WomensMarchBelgrade,,,,,,,,
WomensMarchBellingham,,,,,,,,
WomensMarchBerlin,,,,,,,,
WomensMarchBham,,,,,,,,
WomensMarchBoise,,,,,,,,
WomensMarchBOS,,,,,,,,
WomensMarchBoston,,,,,,,,
WomensMarchBrampton,,,,,,,,
WomensMarchBristol,,,,,,,,
WomensMarchBrussels,,,,,,,,
WomensMarchBucharest,,,,,,,,
WomensMarchBudapest,,,,,,,,
WomensMarchBUF,,,,,,,,
WomensMarchBuffalo,,,,,,,,
WomensMarchCA,,,,,,,,
WomensMarchCalgary,,,,,,,,
WomensMarchCardiff,,,,,,,,
WomensMarchCBR,,,,,,,,
WomensMarchCharlotte,,,,,,,,
WomensMarchChi,,,,,,,,
WomensMarchChicago,,,,,,,,
WomensMarchChihuahua,,,,,,,,
WomensMarchCincinnatti,,,,,,,,
WomensMarchCLE,,,,,,,,
WomensMarchCleveland,,,,,,,,
WomensMarchCLT,,,,,,,,
WomensMarchCO,,,,,,,,
WomensMarchCologne,,,,,,,,
WomensMarchColumbus,,,,,,,,
WomensMarchCork,,,,,,,,
WomensMarchCPH,,,,,,,,
WomensMarchCT,,,,,,,,
WomensMarchCU,,,,,,,,
WomensMarchDallas,,,,,,,,
WomensMarchDayton,,,,,,,,
WomensMarchDC,,,,,,,,
WomensMarchDE,,,,,,,,
WomensMarchDenver,,,,,,,,
WomensMarchDesMoines,,,,,,,,
WomensMarchDET,,,,,,,,
WomensMarchDetroit,,,,,,,,
WomensMarchDFW,,,,,,,,
WomensMarchDoesntSpeakForMe,,,,,,,,
WomensMarchDublin,,,,,,,,
WomensMarchED,,,,,,,,
WomensMarchEdinburgh,,,,,,,,
WomensMarchEdmonton,,,,,,,,
WomensMarchElPaso,,,,,,,,
WomensMarchErie,,,,,,,,
WomensMarchFL,,,,,,,,
WomensMarchFlorida,,,,,,,,
WomensMarchFM,,,,,,,,
WomensMarchFortWorth,,,,,,,,
WomensMarchFrankfurt,,,,,,,,
WomensMarchFresno,,,,,,,,
WomensMarchFW,,,,,,,,
WomensMarchGA,,,,,,,,
WomensMarchGB,,,,,,,,
WomensMarchGeneva,,,,,,,,
WomensMarchGJ,,,,,,,,
WomensMarchGlobal,,,,,,,,
WomensMarchGrandRapids,,,,,,,,
WomensMarchGRB,,,,,,,,
WomensMarchGreensboro,,,,,,,,
WomensMarchGU,,,,,,,,
WomensMarchGuadalajara,,,,,,,,
WomensMarchGuadalupe,,,,,,,,
WomensMarchGuam,,,,,,,,
WomensMarchHamburg,,,,,,,,
WomensMarchHartford,,,,,,,,
WomensMarchHavana,,,,,,,,
WomensMarchHelsinki,,,,,,,,
WomensMarchHI,,,,,,,,
WomensMarchHouston,,,,,,,,
WomensMarchHTX,,,,,,,,
WomensMarchIA,,,,,,,,
WomensMarchICT,,,,,,,,
WomensMarchID,,,,,,,,
WomensMarchIdaho,,,,,,,,
WomensMarchIE,,,,,,,,
WomensMarchIL,,,,,,,,
WomensMarchIN,,,,,,,,
WomensMarchIndianapolis,,,,,,,,
WomensMarchIndy,,,,,,,,
WomensMarchInPhiladelphia,,,,,,,,
WomensMarchInWashington,,,,,,,,
WomensMarchIowa,,,,,,,,
WomensMarchIRE,,,,,,,,
WomensMarchIstanbul,,,,,,,,
WomensMarchIthaca,,,,,,,,
WomensMarchJacksonville,,,,,,,,
WomensMarchJu‡rez,,,,,,,,
WomensMarchJXN,,,,,,,,
WomensMarchKA,,,,,,,,
WomensMarchKC,,,,,,,,
WomensMarchKiev,,,,,,,,
WomensMarchKingston,,,,,,,,
WomensMarchKnoxville,,,,,,,,
WomensMarchKS,,,,,,,,
WomensMarchKY,,,,,,,,
WomensMarchLA,,,,,,,,
WomensMarchLasVegas,,,,,,,,
WomensMarchLeeds,,,,,,,,
WomensMarchLiv,,,,,,,,
WomensMarchLiverpool,,,,,,,,
WomensMarchLondon,,,,,,,,
WomensMarchLosAngeles,,,,,,,,
WomensMarchLouisville,,,,,,,,
WomensMarchLV,,,,,,,,
WomensMarchLyon,,,,,,,,
WomensMarchMA,,,,,,,,
WomensMarchMadison,,,,,,,,
WomensMarchMadrid,,,,,,,,
WomensMarchManchester,,,,,,,,
WomensMarchMCR,,,,,,,,
WomensMarchMD,,,,,,,,
WomensMarchME,,,,,,,,
WomensMarchMelbourne,,,,,,,,
WomensMarchMEM,,,,,,,,
WomensMarchMemphis,,,,,,,,
WomensMarchMex,,,,,,,,
WomensMarchMexico,,,,,,,,
WomensMarchMH,,,,,,,,
WomensMarchMI,,,,,,,,
WomensMarchMIA,,,,,,,,
WomensMarchMiami,,,,,,,,
WomensMarchMilwaukee,,,,,,,,
WomensMarchMinnesota,,,,,,,,
WomensMarchMinsk,,,,,,,,
WomensMarchMN,,,,,,,,
WomensMarchMO,,,,,,,,
WomensMarchMonterrey,,,,,,,,
WomensMarchMontreal,,,,,,,,
WomensMarchMorelia,,,,,,,,
WomensMarchMoscow,,,,,,,,
WomensMarchMP,,,,,,,,
WomensMarchMS,,,,,,,,
WomensMarchMT,,,,,,,,
WomensMarchMunich,,,,,,,,
WomensMarchNairobi,,,,,,,,
WomensMarchNaples,,,,,,,,
WomensMarchNashville,,,,,,,,
WomensMarchNC,,,,,,,,
WomensMarchND,,,,,,,,
WomensMarchNE,,,,,,,,
WomensMarchNewOrleans,,,,,,,,
WomensMarchNewYork,,,,,,,,
WomensMarchNH,,,,,,,,
WomensMarchNJ,,,,,,,,
WomensMarchNM,,,,,,,,
WomensMarchNOLA,,,,,,,,
WomensMarchNRB,,,,,,,,
WomensMarchNV,,,,,,,,
WomensMarchNY,,,,,,,,
WomensMarchNYC,,,,,,,,
WomensMarchNZ,,,,,,,,
WomensMarchOakland,,,,,,,,
WomensMarchOC,,,,,,,,
WomensMarchOdessa,,,,,,,,
WomensMarchOH,,,,,,,,
WomensMarchOhio,,,,,,,,
WomensMarchOK,,,,,,,,
WomensMarchOKC,,,,,,,,
WomensMarchOklahomaCity,,,,,,,,
WomensMarchOlympia,,,,,,,,
WomensMarchOma,,,,,,,,
WomensMarchOmaha,,,,,,,,
WomensMarchOnDenver,,,,,,,,
WomensMarchOR,,,,,,,,
WomensMarchOregon,,,,,,,,
WomensMarchORL,,,,,,,,
WomensMarchOttawa,,,,,,,,
WomensMarchPA,,,,,,,,
WomensMarchParis,,,,,,,,
WomensMarchPDX,,,,,,,,
WomensMarchPeoria,,,,,,,,
WomensMarchPGH,,,,,,,,
WomensMarchPHI,,,,,,,,
WomensMarchPhiladelphia,,,,,,,,
WomensMarchPhoenix,,,,,,,,
WomensMarchPHX,,,,,,,,
WomensMarchPIT,,,,,,,,
WomensMarchPittsburgh,,,,,,,,
WomensMarchPOK,,,,,,,,
WomensMarchPortland,,,,,,,,
WomensMarchPR,,,,,,,,
WomensMarchPrague,,,,,,,,
WomensMarchProvidence,,,,,,,,
WomensMarchPVD,,,,,,,,
WomensMarchPW,,,,,,,,
WomensMarchRaleigh,,,,,,,,
WomensMarchReykjavik,,,,,,,,
WomensMarchRI,,,,,,,,
WomensMarchRiverside,,,,,,,,
WomensMarchRome,,,,,,,,
WomensMarchRussia,,,,,,,,
WomensMarchSac,,,,,,,,
WomensMarchSacramento,,,,,,,,
WomensMarchSaintJohns,,,,,,,,
WomensMarchSanAntonio,,,,,,,,
WomensMarchSanDiego,,,,,,,,
WomensMarchSanFrancisco,,,,,,,,
WomensMarchSanJose,,,,,,,,
WomensMarchSantaBarbara,,,,,,,,
WomensMarchSantaFe,,,,,,,,
WomensMarchSantaRosa,,,,,,,,
WomensMarchSaudiArabia,,,,,,,,
WomensMarchSB,,,,,,,,
WomensMarchSC,,,,,,,,
WomensMarchSD,,,,,,,,
WomensMarchSEA,,,,,,,,
WomensMarchSeattle,,,,,,,,
WomensMarchSF,,,,,,,,
WomensMarchShipley,,,,,,,,
WomensMarchSigns,,,,,,,,
WomensMarchSiouxFalls,,,,,,,,
WomensMarchSJ,,,,,,,,
WomensMarchSLO,,,,,,,,
WomensMarchSofia,,,,,,,,
WomensMarchSouthBend,,,,,,,,
WomensMarchSpokane,,,,,,,,
WomensMarchSRQ,,,,,,,,
WomensMarchStamford,,,,,,,,
WomensMarchStJohns,,,,,,,,
WomensMarchSTL,,,,,,,,
WomensMarchStPete,,,,,,,,
WomensMarchSTX,,,,,,,,
WomensMarchSurrey,,,,,,,,
WomensMarchSW,,,,,,,,
WomensMarchSydney,,,,,,,,
WomensMarchTC,,,,,,,,
WomensMarchTegucigalpa,,,,,,,,
WomensMarchTexas,,,,,,,,
WomensMarchTijuana,,,,,,,,
WomensMarchTN,,,,,,,,
WomensMarchTO,,,,,,,,
WomensMarchToronto,,,,,,,,
WomensMarchTrenton,,,,,,,,
WomensMarchTrondheim,,,,,,,,
WomensMarchTucson,,,,,,,,
WomensMarchTX,,,,,,,,
WomensMarchUCC,,,,,,,,
WomensMarchUK,,,,,,,,
WomensMarchUS,,,,,,,,
WomensMarchUSA,,,,,,,,
WomensMarchUT,,,,,,,,
WomensMarchUtah,,,,,,,,
WomensMarchVA,,,,,,,,
WomensMarchVancouver,,,,,,,,
WomensMarchVentura,,,,,,,,
WomensMarchVeracruz,,,,,,,,
WomensMarchVermont,,,,,,,,
WomensMarchVI,,,,,,,,
WomensMarchVictoria,,,,,,,,
WomensMarchVienna,,,,,,,,
WomensMarchVT,,,,,,,,
WomensMarchWA,,,,,,,,
WomensMarchWales,,,,,,,,
WomensMarchWallaWalla,,,,,,,,
WomensMarchWarsaw,,,,,,,,
WomensMarchWashington,,,,,,,,
WomensMarchWC,,,,,,,,
WomensMarchWI,,,,,,,,
WomensMarchWinnipeg,,,,,,,,
WomensMarchWorld,,,,,,,,
WomensMarchWPG,,,,,,,,
WomensMarchWV,,,,,,,,
WomensMarchWY,,,,,,,,
WomensMarchYeg,,,,,,,,
WomensMarchYork,,,,,,,,
WomensMarchYYC,,,,,,,,
WomensMarchInAA,,,,,,,,
WomensMarchInABQ,,,,,,,,
WomensMarchInAcapulco,,,,,,,,
WomensMarchInAE,,,,,,,,
WomensMarchInAK,,,,,,,,
WomensMarchInAL,,,,,,,,
WomensMarchInAlaska,,,,,,,,
WomensMarchInALB,,,,,,,,
WomensMarchInAlbany,,,,,,,,
WomensMarchInAlbuquerque,,,,,,,,
WomensMarchInAmsterdam,,,,,,,,
WomensMarchInAnchorage,,,,,,,,
WomensMarchInAntarctica,,,,,,,,
WomensMarchInAP,,,,,,,,
WomensMarchInAR,,,,,,,,
WomensMarchInArkansas,,,,,,,,
WomensMarchInAroundTheWorld,,,,,,,,
WomensMarchInAS,,,,,,,,
WomensMarchInAsburyPark,,,,,,,,
WomensMarchInAsheville,,,,,,,,
WomensMarchInATL,,,,,,,,
WomensMarchInAtlanta,,,,,,,,
WomensMarchInAustin,,,,,,,,
WomensMarchInAZ,,,,,,,,
WomensMarchInBA,,,,,,,,
WomensMarchInBaltimore,,,,,,,,
WomensMarchInBarcelona,,,,,,,,
WomensMarchInBarnstaple,,,,,,,,
WomensMarchInBayArea,,,,,,,,
WomensMarchInBC,,,,,,,,
WomensMarchInBCN,,,,,,,,
WomensMarchInBelfast,,,,,,,,
WomensMarchInBelgrade,,,,,,,,
WomensMarchInBellingham,,,,,,,,
WomensMarchInBerlin,,,,,,,,
WomensMarchInBham,,,,,,,,
WomensMarchInBoise,,,,,,,,
WomensMarchInBOS,,,,,,,,
WomensMarchInBoston,,,,,,,,
WomensMarchInBrampton,,,,,,,,
WomensMarchInBristol,,,,,,,,
WomensMarchInBrussels,,,,,,,,
WomensMarchInBucharest,,,,,,,,
WomensMarchInBudapest,,,,,,,,
WomensMarchInBUF,,,,,,,,
WomensMarchInBuffalo,,,,,,,,
WomensMarchInCA,,,,,,,,
WomensMarchInCalgary,,,,,,,,
WomensMarchInCardiff,,,,,,,,
WomensMarchInCBR,,,,,,,,
WomensMarchInCharlotte,,,,,,,,
WomensMarchInChi,,,,,,,,
WomensMarchInChicago,,,,,,,,
WomensMarchInChihuahua,,,,,,,,
WomensMarchInCincinnatti,,,,,,,,
WomensMarchInCLE,,,,,,,,
WomensMarchInCleveland,,,,,,,,
WomensMarchInCLT,,,,,,,,
WomensMarchInCO,,,,,,,,
WomensMarchInCologne,,,,,,,,
WomensMarchInColumbus,,,,,,,,
WomensMarchInCork,,,,,,,,
WomensMarchInCPH,,,,,,,,
WomensMarchInCT,,,,,,,,
WomensMarchInCU,,,,,,,,
WomensMarchInDallas,,,,,,,,
WomensMarchInDayton,,,,,,,,
WomensMarchInDC,,,,,,,,
WomensMarchInDE,,,,,,,,
WomensMarchInDenver,,,,,,,,
WomensMarchInDesMoines,,,,,,,,
WomensMarchInDET,,,,,,,,
WomensMarchInDetroit,,,,,,,,
WomensMarchInDFW,,,,,,,,
WomensMarchInDoesntSpeakForMe,,,,,,,,
WomensMarchInDublin,,,,,,,,
WomensMarchInED,,,,,,,,
WomensMarchInEdinburgh,,,,,,,,
WomensMarchInEdmonton,,,,,,,,
WomensMarchInElPaso,,,,,,,,
WomensMarchInErie,,,,,,,,
WomensMarchInFL,,,,,,,,
WomensMarchInFlorida,,,,,,,,
WomensMarchInFM,,,,,,,,
WomensMarchInFortWorth,,,,,,,,
WomensMarchInFrankfurt,,,,,,,,
WomensMarchInFresno,,,,,,,,
WomensMarchInFW,,,,,,,,
WomensMarchInGA,,,,,,,,
WomensMarchInGB,,,,,,,,
WomensMarchInGeneva,,,,,,,,
WomensMarchInGJ,,,,,,,,
WomensMarchInGlobal,,,,,,,,
WomensMarchInGrandRapids,,,,,,,,
WomensMarchInGRB,,,,,,,,
WomensMarchInGreensboro,,,,,,,,
WomensMarchInGU,,,,,,,,
WomensMarchInGuadalajara,,,,,,,,
WomensMarchInGuadalupe,,,,,,,,
WomensMarchInGuam,,,,,,,,
WomensMarchInHamburg,,,,,,,,
WomensMarchInHartford,,,,,,,,
WomensMarchInHavana,,,,,,,,
WomensMarchInHelsinki,,,,,,,,
WomensMarchInHI,,,,,,,,
WomensMarchInHouston,,,,,,,,
WomensMarchInHTX,,,,,,,,
WomensMarchInIA,,,,,,,,
WomensMarchInICT,,,,,,,,
WomensMarchInID,,,,,,,,
WomensMarchInIdaho,,,,,,,,
WomensMarchInIE,,,,,,,,
WomensMarchInIL,,,,,,,,
WomensMarchInIN,,,,,,,,
WomensMarchInIndianapolis,,,,,,,,
WomensMarchInIndy,,,,,,,,
WomensMarchInInPhiladelphia,,,,,,,,
WomensMarchInInWashington,,,,,,,,
WomensMarchInIowa,,,,,,,,
WomensMarchInIRE,,,,,,,,
WomensMarchInIstanbul,,,,,,,,
WomensMarchInIthaca,,,,,,,,
WomensMarchInJacksonville,,,,,,,,
WomensMarchInJu‡rez,,,,,,,,
WomensMarchInJXN,,,,,,,,
WomensMarchInKA,,,,,,,,
WomensMarchInKC,,,,,,,,
WomensMarchInKiev,,,,,,,,
WomensMarchInKingston,,,,,,,,
WomensMarchInKnoxville,,,,,,,,
WomensMarchInKS,,,,,,,,
WomensMarchInKY,,,,,,,,
WomensMarchInLA,,,,,,,,
WomensMarchInLasVegas,,,,,,,,
WomensMarchInLeeds,,,,,,,,
WomensMarchInLiv,,,,,,,,
WomensMarchInLiverpool,,,,,,,,
WomensMarchInLondon,,,,,,,,
WomensMarchInLosAngeles,,,,,,,,
WomensMarchInLouisville,,,,,,,,
WomensMarchInLV,,,,,,,,
WomensMarchInLyon,,,,,,,,
WomensMarchInMA,,,,,,,,
WomensMarchInMadison,,,,,,,,
WomensMarchInMadrid,,,,,,,,
WomensMarchInManchester,,,,,,,,
WomensMarchInMCR,,,,,,,,
WomensMarchInMD,,,,,,,,
WomensMarchInME,,,,,,,,
WomensMarchInMelbourne,,,,,,,,
WomensMarchInMEM,,,,,,,,
WomensMarchInMemphis,,,,,,,,
WomensMarchInMex,,,,,,,,
WomensMarchInMexico,,,,,,,,
WomensMarchInMH,,,,,,,,
WomensMarchInMI,,,,,,,,
WomensMarchInMIA,,,,,,,,
WomensMarchInMiami,,,,,,,,
WomensMarchInMilwaukee,,,,,,,,
WomensMarchInMinnesota,,,,,,,,
WomensMarchInMinsk,,,,,,,,
WomensMarchInMN,,,,,,,,
WomensMarchInMO,,,,,,,,
WomensMarchInMonterrey,,,,,,,,
WomensMarchInMontreal,,,,,,,,
WomensMarchInMorelia,,,,,,,,
WomensMarchInMoscow,,,,,,,,
WomensMarchInMP,,,,,,,,
WomensMarchInMS,,,,,,,,
WomensMarchInMT,,,,,,,,
WomensMarchInMunich,,,,,,,,
WomensMarchInNairobi,,,,,,,,
WomensMarchInNaples,,,,,,,,
WomensMarchInNashville,,,,,,,,
WomensMarchInNC,,,,,,,,
WomensMarchInND,,,,,,,,
WomensMarchInNE,,,,,,,,
WomensMarchInNewOrleans,,,,,,,,
WomensMarchInNewYork,,,,,,,,
WomensMarchInNH,,,,,,,,
WomensMarchInNJ,,,,,,,,
WomensMarchInNM,,,,,,,,
WomensMarchInNOLA,,,,,,,,
WomensMarchInNRB,,,,,,,,
WomensMarchInNV,,,,,,,,
WomensMarchInNY,,,,,,,,
WomensMarchInNYC,,,,,,,,
WomensMarchInNZ,,,,,,,,
WomensMarchInOakland,,,,,,,,
WomensMarchInOC,,,,,,,,
WomensMarchInOdessa,,,,,,,,
WomensMarchInOH,,,,,,,,
WomensMarchInOhio,,,,,,,,
WomensMarchInOK,,,,,,,,
WomensMarchInOKC,,,,,,,,
WomensMarchInOklahomaCity,,,,,,,,
WomensMarchInOlympia,,,,,,,,
WomensMarchInOma,,,,,,,,
WomensMarchInOmaha,,,,,,,,
WomensMarchInOnDenver,,,,,,,,
WomensMarchInOR,,,,,,,,
WomensMarchInOregon,,,,,,,,
WomensMarchInORL,,,,,,,,
WomensMarchInOttawa,,,,,,,,
WomensMarchInPA,,,,,,,,
WomensMarchInParis,,,,,,,,
WomensMarchInPDX,,,,,,,,
WomensMarchInPeoria,,,,,,,,
WomensMarchInPGH,,,,,,,,
WomensMarchInPHI,,,,,,,,
WomensMarchInPhiladelphia,,,,,,,,
WomensMarchInPhoenix,,,,,,,,
WomensMarchInPHX,,,,,,,,
WomensMarchInPIT,,,,,,,,
WomensMarchInPittsburgh,,,,,,,,
WomensMarchInPOK,,,,,,,,
WomensMarchInPortland,,,,,,,,
WomensMarchInPR,,,,,,,,
WomensMarchInPrague,,,,,,,,
WomensMarchInProvidence,,,,,,,,
WomensMarchInPVD,,,,,,,,
WomensMarchInPW,,,,,,,,
WomensMarchInRaleigh,,,,,,,,
WomensMarchInReykjavik,,,,,,,,
WomensMarchInRI,,,,,,,,
WomensMarchInRiverside,,,,,,,,
WomensMarchInRome,,,,,,,,
WomensMarchInRussia,,,,,,,,
WomensMarchInSac,,,,,,,,
WomensMarchInSacramento,,,,,,,,
WomensMarchInSaintJohns,,,,,,,,
WomensMarchInSanAntonio,,,,,,,,
WomensMarchInSanDiego,,,,,,,,
WomensMarchInSanFrancisco,,,,,,,,
WomensMarchInSanJose,,,,,,,,
WomensMarchInSantaBarbara,,,,,,,,
WomensMarchInSantaFe,,,,,,,,
WomensMarchInSantaRosa,,,,,,,,
WomensMarchInSaudiArabia,,,,,,,,
WomensMarchInSB,,,,,,,,
WomensMarchInSC,,,,,,,,
WomensMarchInSD,,,,,,,,
WomensMarchInSEA,,,,,,,,
WomensMarchInSeattle,,,,,,,,
WomensMarchInSF,,,,,,,,
WomensMarchInShipley,,,,,,,,
WomensMarchInSigns,,,,,,,,
WomensMarchInSiouxFalls,,,,,,,,
WomensMarchInSJ,,,,,,,,
WomensMarchInSLO,,,,,,,,
WomensMarchInSofia,,,,,,,,
WomensMarchInSouthBend,,,,,,,,
WomensMarchInSpokane,,,,,,,,
WomensMarchInSRQ,,,,,,,,
WomensMarchInStamford,,,,,,,,
WomensMarchInStJohns,,,,,,,,
WomensMarchInSTL,,,,,,,,
WomensMarchInStPete,,,,,,,,
WomensMarchInSTX,,,,,,,,
WomensMarchInSurrey,,,,,,,,
WomensMarchInSW,,,,,,,,
WomensMarchInSydney,,,,,,,,
WomensMarchInTC,,,,,,,,
WomensMarchInTegucigalpa,,,,,,,,
WomensMarchInTexas,,,,,,,,
WomensMarchInTijuana,,,,,,,,
WomensMarchInTN,,,,,,,,
WomensMarchInTO,,,,,,,,
WomensMarchInToronto,,,,,,,,
WomensMarchInTrenton,,,,,,,,
WomensMarchInTrondheim,,,,,,,,
WomensMarchInTucson,,,,,,,,
WomensMarchInTX,,,,,,,,
WomensMarchInUCC,,,,,,,,
WomensMarchInUK,,,,,,,,
WomensMarchInUS,,,,,,,,
WomensMarchInUSA,,,,,,,,
WomensMarchInUT,,,,,,,,
WomensMarchInUtah,,,,,,,,
WomensMarchInVA,,,,,,,,
WomensMarchInVancouver,,,,,,,,
WomensMarchInVentura,,,,,,,,
WomensMarchInVeracruz,,,,,,,,
WomensMarchInVermont,,,,,,,,
WomensMarchInVI,,,,,,,,
WomensMarchInVictoria,,,,,,,,
WomensMarchInVienna,,,,,,,,
WomensMarchInVT,,,,,,,,
WomensMarchInWA,,,,,,,,
WomensMarchInWales,,,,,,,,
WomensMarchInWallaWalla,,,,,,,,
WomensMarchInWarsaw,,,,,,,,
WomensMarchInWashington,,,,,,,,
WomensMarchInWC,,,,,,,,
WomensMarchInWI,,,,,,,,
WomensMarchInWinnipeg,,,,,,,,
WomensMarchInWorld,,,,,,,,
WomensMarchInWPG,,,,,,,,
WomensMarchInWV,,,,,,,,
WomensMarchInWY,,,,,,,,
WomensMarchInYeg,,,,,,,,
WomensMarchInYork,,,,,,,,
WomensMarchInYYC,,,,,,,,
WomensMarchOnAA,,,,,,,,
WomensMarchOnABQ,,,,,,,,
WomensMarchOnAcapulco,,,,,,,,
WomensMarchOnAE,,,,,,,,
WomensMarchOnAK,,,,,,,,
WomensMarchOnAL,,,,,,,,
WomensMarchOnAlaska,,,,,,,,
WomensMarchOnALB,,,,,,,,
WomensMarchOnAlbany,,,,,,,,
WomensMarchOnAlbuquerque,,,,,,,,
WomensMarchOnAmsterdam,,,,,,,,
WomensMarchOnAnchorage,,,,,,,,
WomensMarchOnAntarctica,,,,,,,,
WomensMarchOnAP,,,,,,,,
WomensMarchOnAR,,,,,,,,
WomensMarchOnArkansas,,,,,,,,
WomensMarchOnAroundTheWorld,,,,,,,,
WomensMarchOnAS,,,,,,,,
WomensMarchOnAsburyPark,,,,,,,,
WomensMarchOnAsheville,,,,,,,,
WomensMarchOnATL,,,,,,,,
WomensMarchOnAtlanta,,,,,,,,
WomensMarchOnAustin,,,,,,,,
WomensMarchOnAZ,,,,,,,,
WomensMarchOnBA,,,,,,,,
WomensMarchOnBaltimore,,,,,,,,
WomensMarchOnBarcelona,,,,,,,,
WomensMarchOnBarnstaple,,,,,,,,
WomensMarchOnBayArea,,,,,,,,
WomensMarchOnBC,,,,,,,,
WomensMarchOnBCN,,,,,,,,
WomensMarchOnBelfast,,,,,,,,
WomensMarchOnBelgrade,,,,,,,,
WomensMarchOnBellingham,,,,,,,,
WomensMarchOnBerlin,,,,,,,,
WomensMarchOnBham,,,,,,,,
WomensMarchOnBoise,,,,,,,,
WomensMarchOnBOS,,,,,,,,
WomensMarchOnBoston,,,,,,,,
WomensMarchOnBrampton,,,,,,,,
WomensMarchOnBristol,,,,,,,,
WomensMarchOnBrussels,,,,,,,,
WomensMarchOnBucharest,,,,,,,,
WomensMarchOnBudapest,,,,,,,,
WomensMarchOnBUF,,,,,,,,
WomensMarchOnBuffalo,,,,,,,,
WomensMarchOnCA,,,,,,,,
WomensMarchOnCalgary,,,,,,,,
WomensMarchOnCardiff,,,,,,,,
WomensMarchOnCBR,,,,,,,,
WomensMarchOnCharlotte,,,,,,,,
WomensMarchOnChi,,,,,,,,
WomensMarchOnChicago,,,,,,,,
WomensMarchOnChihuahua,,,,,,,,
WomensMarchOnCincinnatti,,,,,,,,
WomensMarchOnCLE,,,,,,,,
WomensMarchOnCleveland,,,,,,,,
WomensMarchOnCLT,,,,,,,,
WomensMarchOnCO,,,,,,,,
WomensMarchOnCologne,,,,,,,,
WomensMarchOnColumbus,,,,,,,,
WomensMarchOnCork,,,,,,,,
WomensMarchOnCPH,,,,,,,,
WomensMarchOnCT,,,,,,,,
WomensMarchOnCU,,,,,,,,
WomensMarchOnDallas,,,,,,,,
WomensMarchOnDayton,,,,,,,,
WomensMarchOnDC,,,,,,,,
WomensMarchOnDE,,,,,,,,
WomensMarchOnDenver,,,,,,,,
WomensMarchOnDesMoines,,,,,,,,
WomensMarchOnDET,,,,,,,,
WomensMarchOnDetroit,,,,,,,,
WomensMarchOnDFW,,,,,,,,
WomensMarchOnDoesntSpeakForMe,,,,,,,,
WomensMarchOnDublin,,,,,,,,
WomensMarchOnED,,,,,,,,
WomensMarchOnEdinburgh,,,,,,,,
WomensMarchOnEdmonton,,,,,,,,
WomensMarchOnElPaso,,,,,,,,
WomensMarchOnErie,,,,,,,,
WomensMarchOnFL,,,,,,,,
WomensMarchOnFlorida,,,,,,,,
WomensMarchOnFM,,,,,,,,
WomensMarchOnFortWorth,,,,,,,,
WomensMarchOnFrankfurt,,,,,,,,
WomensMarchOnFresno,,,,,,,,
WomensMarchOnFW,,,,,,,,
WomensMarchOnGA,,,,,,,,
WomensMarchOnGB,,,,,,,,
WomensMarchOnGeneva,,,,,,,,
WomensMarchOnGJ,,,,,,,,
WomensMarchOnGlobal,,,,,,,,
WomensMarchOnGrandRapids,,,,,,,,
WomensMarchOnGRB,,,,,,,,
WomensMarchOnGreensboro,,,,,,,,
WomensMarchOnGU,,,,,,,,
WomensMarchOnGuadalajara,,,,,,,,
WomensMarchOnGuadalupe,,,,,,,,
WomensMarchOnGuam,,,,,,,,
WomensMarchOnHamburg,,,,,,,,
WomensMarchOnHartford,,,,,,,,
WomensMarchOnHavana,,,,,,,,
WomensMarchOnHelsinki,,,,,,,,
WomensMarchOnHI,,,,,,,,
WomensMarchOnHouston,,,,,,,,
WomensMarchOnHTX,,,,,,,,
WomensMarchOnIA,,,,,,,,
WomensMarchOnICT,,,,,,,,
WomensMarchOnID,,,,,,,,
WomensMarchOnIdaho,,,,,,,,
WomensMarchOnIE,,,,,,,,
WomensMarchOnIL,,,,,,,,
WomensMarchOnIN,,,,,,,,
WomensMarchOnIndianapolis,,,,,,,,
WomensMarchOnIndy,,,,,,,,
WomensMarchOnInPhiladelphia,,,,,,,,
WomensMarchOnInWashington,,,,,,,,
WomensMarchOnIowa,,,,,,,,
WomensMarchOnIRE,,,,,,,,
WomensMarchOnIstanbul,,,,,,,,
WomensMarchOnIthaca,,,,,,,,
WomensMarchOnJacksonville,,,,,,,,
WomensMarchOnJu‡rez,,,,,,,,
WomensMarchOnJXN,,,,,,,,
WomensMarchOnKA,,,,,,,,
WomensMarchOnKC,,,,,,,,
WomensMarchOnKiev,,,,,,,,
WomensMarchOnKingston,,,,,,,,
WomensMarchOnKnoxville,,,,,,,,
WomensMarchOnKS,,,,,,,,
WomensMarchOnKY,,,,,,,,
WomensMarchOnLA,,,,,,,,
WomensMarchOnLasVegas,,,,,,,,
WomensMarchOnLeeds,,,,,,,,
WomensMarchOnLiv,,,,,,,,
WomensMarchOnLiverpool,,,,,,,,
WomensMarchOnLondon,,,,,,,,
WomensMarchOnLosAngeles,,,,,,,,
WomensMarchOnLouisville,,,,,,,,
WomensMarchOnLV,,,,,,,,
WomensMarchOnLyon,,,,,,,,
WomensMarchOnMA,,,,,,,,
WomensMarchOnMadison,,,,,,,,
WomensMarchOnMadrid,,,,,,,,
WomensMarchOnManchester,,,,,,,,
WomensMarchOnMCR,,,,,,,,
WomensMarchOnMD,,,,,,,,
WomensMarchOnME,,,,,,,,
WomensMarchOnMelbourne,,,,,,,,
WomensMarchOnMEM,,,,,,,,
WomensMarchOnMemphis,,,,,,,,
WomensMarchOnMex,,,,,,,,
WomensMarchOnMexico,,,,,,,,
WomensMarchOnMH,,,,,,,,
WomensMarchOnMI,,,,,,,,
WomensMarchOnMIA,,,,,,,,
WomensMarchOnMiami,,,,,,,,
WomensMarchOnMilwaukee,,,,,,,,
WomensMarchOnMinnesota,,,,,,,,
WomensMarchOnMinsk,,,,,,,,
WomensMarchOnMN,,,,,,,,
WomensMarchOnMO,,,,,,,,
WomensMarchOnMonterrey,,,,,,,,
WomensMarchOnMontreal,,,,,,,,
WomensMarchOnMorelia,,,,,,,,
WomensMarchOnMoscow,,,,,,,,
WomensMarchOnMP,,,,,,,,
WomensMarchOnMS,,,,,,,,
WomensMarchOnMT,,,,,,,,
WomensMarchOnMunich,,,,,,,,
WomensMarchOnNairobi,,,,,,,,
WomensMarchOnNaples,,,,,,,,
WomensMarchOnNashville,,,,,,,,
WomensMarchOnNC,,,,,,,,
WomensMarchOnND,,,,,,,,
WomensMarchOnNE,,,,,,,,
WomensMarchOnNewOrleans,,,,,,,,
WomensMarchOnNewYork,,,,,,,,
WomensMarchOnNH,,,,,,,,
WomensMarchOnNJ,,,,,,,,
WomensMarchOnNM,,,,,,,,
WomensMarchOnNOLA,,,,,,,,
WomensMarchOnNRB,,,,,,,,
WomensMarchOnNV,,,,,,,,
WomensMarchOnNY,,,,,,,,
WomensMarchOnNYC,,,,,,,,
WomensMarchOnNZ,,,,,,,,
WomensMarchOnOakland,,,,,,,,
WomensMarchOnOC,,,,,,,,
WomensMarchOnOdessa,,,,,,,,
WomensMarchOnOH,,,,,,,,
WomensMarchOnOhio,,,,,,,,
WomensMarchOnOK,,,,,,,,
WomensMarchOnOKC,,,,,,,,
WomensMarchOnOklahomaCity,,,,,,,,
WomensMarchOnOlympia,,,,,,,,
WomensMarchOnOma,,,,,,,,
WomensMarchOnOmaha,,,,,,,,
WomensMarchOnOnDenver,,,,,,,,
WomensMarchOnOR,,,,,,,,
WomensMarchOnOregon,,,,,,,,
WomensMarchOnORL,,,,,,,,
WomensMarchOnOttawa,,,,,,,,
WomensMarchOnPA,,,,,,,,
WomensMarchOnParis,,,,,,,,
WomensMarchOnPDX,,,,,,,,
WomensMarchOnPeoria,,,,,,,,
WomensMarchOnPGH,,,,,,,,
WomensMarchOnPHI,,,,,,,,
WomensMarchOnPhiladelphia,,,,,,,,
WomensMarchOnPhoenix,,,,,,,,
WomensMarchOnPHX,,,,,,,,
WomensMarchOnPIT,,,,,,,,
WomensMarchOnPittsburgh,,,,,,,,
WomensMarchOnPOK,,,,,,,,
WomensMarchOnPortland,,,,,,,,
WomensMarchOnPR,,,,,,,,
WomensMarchOnPrague,,,,,,,,
WomensMarchOnProvidence,,,,,,,,
WomensMarchOnPVD,,,,,,,,
WomensMarchOnPW,,,,,,,,
WomensMarchOnRaleigh,,,,,,,,
WomensMarchOnReykjavik,,,,,,,,
WomensMarchOnRI,,,,,,,,
WomensMarchOnRiverside,,,,,,,,
WomensMarchOnRome,,,,,,,,
WomensMarchOnRussia,,,,,,,,
WomensMarchOnSac,,,,,,,,
WomensMarchOnSacramento,,,,,,,,
WomensMarchOnSaintJohns,,,,,,,,
WomensMarchOnSanAntonio,,,,,,,,
WomensMarchOnSanDiego,,,,,,,,
WomensMarchOnSanFrancisco,,,,,,,,
WomensMarchOnSanJose,,,,,,,,
WomensMarchOnSantaBarbara,,,,,,,,
WomensMarchOnSantaFe,,,,,,,,
WomensMarchOnSantaRosa,,,,,,,,
WomensMarchOnSaudiArabia,,,,,,,,
WomensMarchOnSB,,,,,,,,
WomensMarchOnSC,,,,,,,,
WomensMarchOnSD,,,,,,,,
WomensMarchOnSEA,,,,,,,,
WomensMarchOnSeattle,,,,,,,,
WomensMarchOnSF,,,,,,,,
WomensMarchOnShipley,,,,,,,,
WomensMarchOnSigns,,,,,,,,
WomensMarchOnSiouxFalls,,,,,,,,
WomensMarchOnSJ,,,,,,,,
WomensMarchOnSLO,,,,,,,,
WomensMarchOnSofia,,,,,,,,
WomensMarchOnSouthBend,,,,,,,,
WomensMarchOnSpokane,,,,,,,,
WomensMarchOnSRQ,,,,,,,,
WomensMarchOnStamford,,,,,,,,
WomensMarchOnStJohns,,,,,,,,
WomensMarchOnSTL,,,,,,,,
WomensMarchOnStPete,,,,,,,,
WomensMarchOnSTX,,,,,,,,
WomensMarchOnSurrey,,,,,,,,
WomensMarchOnSW,,,,,,,,
WomensMarchOnSydney,,,,,,,,
WomensMarchOnTC,,,,,,,,
WomensMarchOnTegucigalpa,,,,,,,,
WomensMarchOnTexas,,,,,,,,
WomensMarchOnTijuana,,,,,,,,
WomensMarchOnTN,,,,,,,,
WomensMarchOnTO,,,,,,,,
WomensMarchOnToronto,,,,,,,,
WomensMarchOnTrenton,,,,,,,,
WomensMarchOnTrondheim,,,,,,,,
WomensMarchOnTucson,,,,,,,,
WomensMarchOnTX,,,,,,,,
WomensMarchOnUCC,,,,,,,,
WomensMarchOnUK,,,,,,,,
WomensMarchOnUS,,,,,,,,
WomensMarchOnUSA,,,,,,,,
WomensMarchOnUT,,,,,,,,
WomensMarchOnUtah,,,,,,,,
WomensMarchOnVA,,,,,,,,
WomensMarchOnVancouver,,,,,,,,
WomensMarchOnVentura,,,,,,,,
WomensMarchOnVeracruz,,,,,,,,
WomensMarchOnVermont,,,,,,,,
WomensMarchOnVI,,,,,,,,
WomensMarchOnVictoria,,,,,,,,
WomensMarchOnVienna,,,,,,,,
WomensMarchOnVT,,,,,,,,
WomensMarchOnWA,,,,,,,,
WomensMarchOnWales,,,,,,,,
WomensMarchOnWallaWalla,,,,,,,,
WomensMarchOnWarsaw,,,,,,,,
WomensMarchOnWashington,,,,,,,,
WomensMarchOnWC,,,,,,,,
WomensMarchOnWI,,,,,,,,
WomensMarchOnWinnipeg,,,,,,,,
WomensMarchOnWorld,,,,,,,,
WomensMarchOnWPG,,,,,,,,
WomensMarchOnWV,,,,,,,,
WomensMarchOnWY,,,,,,,,
WomensMarchOnYeg,,,,,,,,
WomensMarchOnYork,,,,,,,,
WomensMarchOnYYC,,,,,,,,
WomensRallyAA,,,,,,,,
WomensRallyABQ,,,,,,,,
WomensRallyAcapulco,,,,,,,,
WomensRallyAE,,,,,,,,
WomensRallyAK,,,,,,,,
WomensRallyAL,,,,,,,,
WomensRallyAlaska,,,,,,,,
WomensRallyALB,,,,,,,,
WomensRallyAlbany,,,,,,,,
WomensRallyAlbuquerque,,,,,,,,
WomensRallyAmsterdam,,,,,,,,
WomensRallyAnchorage,,,,,,,,
WomensRallyAntarctica,,,,,,,,
WomensRallyAP,,,,,,,,
WomensRallyAR,,,,,,,,
WomensRallyArkansas,,,,,,,,
WomensRallyAroundTheWorld,,,,,,,,
WomensRallyAS,,,,,,,,
WomensRallyAsburyPark,,,,,,,,
WomensRallyAsheville,,,,,,,,
WomensRallyATL,,,,,,,,
WomensRallyAtlanta,,,,,,,,
WomensRallyAustin,,,,,,,,
WomensRallyAZ,,,,,,,,
WomensRallyBA,,,,,,,,
WomensRallyBaltimore,,,,,,,,
WomensRallyBarcelona,,,,,,,,
WomensRallyBarnstaple,,,,,,,,
WomensRallyBayArea,,,,,,,,
WomensRallyBC,,,,,,,,
WomensRallyBCN,,,,,,,,
WomensRallyBelfast,,,,,,,,
WomensRallyBelgrade,,,,,,,,
WomensRallyBellingham,,,,,,,,
WomensRallyBerlin,,,,,,,,
WomensRallyBham,,,,,,,,
WomensRallyBoise,,,,,,,,
WomensRallyBOS,,,,,,,,
WomensRallyBoston,,,,,,,,
WomensRallyBrampton,,,,,,,,
WomensRallyBristol,,,,,,,,
WomensRallyBrussels,,,,,,,,
WomensRallyBucharest,,,,,,,,
WomensRallyBudapest,,,,,,,,
WomensRallyBUF,,,,,,,,
WomensRallyBuffalo,,,,,,,,
WomensRallyCA,,,,,,,,
WomensRallyCalgary,,,,,,,,
WomensRallyCardiff,,,,,,,,
WomensRallyCBR,,,,,,,,
WomensRallyCharlotte,,,,,,,,
WomensRallyChi,,,,,,,,
WomensRallyChicago,,,,,,,,
WomensRallyChihuahua,,,,,,,,
WomensRallyCincinnatti,,,,,,,,
WomensRallyCLE,,,,,,,,
WomensRallyCleveland,,,,,,,,
WomensRallyCLT,,,,,,,,
WomensRallyCO,,,,,,,,
WomensRallyCologne,,,,,,,,
WomensRallyColumbus,,,,,,,,
WomensRallyCork,,,,,,,,
WomensRallyCPH,,,,,,,,
WomensRallyCT,,,,,,,,
WomensRallyCU,,,,,,,,
WomensRallyDallas,,,,,,,,
WomensRallyDayton,,,,,,,,
WomensRallyDC,,,,,,,,
WomensRallyDE,,,,,,,,
WomensRallyDenver,,,,,,,,
WomensRallyDesMoines,,,,,,,,
WomensRallyDET,,,,,,,,
WomensRallyDetroit,,,,,,,,
WomensRallyDFW,,,,,,,,
WomensRallyDoesntSpeakForMe,,,,,,,,
WomensRallyDublin,,,,,,,,
WomensRallyED,,,,,,,,
WomensRallyEdinburgh,,,,,,,,
WomensRallyEdmonton,,,,,,,,
WomensRallyElPaso,,,,,,,,
WomensRallyErie,,,,,,,,
WomensRallyFL,,,,,,,,
WomensRallyFlorida,,,,,,,,
WomensRallyFM,,,,,,,,
WomensRallyFortWorth,,,,,,,,
WomensRallyFrankfurt,,,,,,,,
WomensRallyFresno,,,,,,,,
WomensRallyFW,,,,,,,,
WomensRallyGA,,,,,,,,
WomensRallyGB,,,,,,,,
WomensRallyGeneva,,,,,,,,
WomensRallyGJ,,,,,,,,
WomensRallyGlobal,,,,,,,,
WomensRallyGrandRapids,,,,,,,,
WomensRallyGRB,,,,,,,,
WomensRallyGreensboro,,,,,,,,
WomensRallyGU,,,,,,,,
WomensRallyGuadalajara,,,,,,,,
WomensRallyGuadalupe,,,,,,,,
WomensRallyGuam,,,,,,,,
WomensRallyHamburg,,,,,,,,
WomensRallyHartford,,,,,,,,
WomensRallyHavana,,,,,,,,
WomensRallyHelsinki,,,,,,,,
WomensRallyHI,,,,,,,,
WomensRallyHouston,,,,,,,,
WomensRallyHTX,,,,,,,,
WomensRallyIA,,,,,,,,
WomensRallyICT,,,,,,,,
WomensRallyID,,,,,,,,
WomensRallyIdaho,,,,,,,,
WomensRallyIE,,,,,,,,
WomensRallyIL,,,,,,,,
WomensRallyIN,,,,,,,,
WomensRallyIndianapolis,,,,,,,,
WomensRallyIndy,,,,,,,,
WomensRallyInPhiladelphia,,,,,,,,
WomensRallyInWashington,,,,,,,,
WomensRallyIowa,,,,,,,,
WomensRallyIRE,,,,,,,,
WomensRallyIstanbul,,,,,,,,
WomensRallyIthaca,,,,,,,,
WomensRallyJacksonville,,,,,,,,
WomensRallyJu‡rez,,,,,,,,
WomensRallyJXN,,,,,,,,
WomensRallyKA,,,,,,,,
WomensRallyKC,,,,,,,,
WomensRallyKiev,,,,,,,,
WomensRallyKingston,,,,,,,,
WomensRallyKnoxville,,,,,,,,
WomensRallyKS,,,,,,,,
WomensRallyKY,,,,,,,,
WomensRallyLA,,,,,,,,
WomensRallyLasVegas,,,,,,,,
WomensRallyLeeds,,,,,,,,
WomensRallyLiv,,,,,,,,
WomensRallyLiverpool,,,,,,,,
WomensRallyLondon,,,,,,,,
WomensRallyLosAngeles,,,,,,,,
WomensRallyLouisville,,,,,,,,
WomensRallyLV,,,,,,,,
WomensRallyLyon,,,,,,,,
WomensRallyMA,,,,,,,,
WomensRallyMadison,,,,,,,,
WomensRallyMadrid,,,,,,,,
WomensRallyManchester,,,,,,,,
WomensRallyMCR,,,,,,,,
WomensRallyMD,,,,,,,,
WomensRallyME,,,,,,,,
WomensRallyMelbourne,,,,,,,,
WomensRallyMEM,,,,,,,,
WomensRallyMemphis,,,,,,,,
WomensRallyMex,,,,,,,,
WomensRallyMexico,,,,,,,,
WomensRallyMH,,,,,,,,
WomensRallyMI,,,,,,,,
WomensRallyMIA,,,,,,,,
WomensRallyMiami,,,,,,,,
WomensRallyMilwaukee,,,,,,,,
WomensRallyMinnesota,,,,,,,,
WomensRallyMinsk,,,,,,,,
WomensRallyMN,,,,,,,,
WomensRallyMO,,,,,,,,
WomensRallyMonterrey,,,,,,,,
WomensRallyMontreal,,,,,,,,
WomensRallyMorelia,,,,,,,,
WomensRallyMoscow,,,,,,,,
WomensRallyMP,,,,,,,,
WomensRallyMS,,,,,,,,
WomensRallyMT,,,,,,,,
WomensRallyMunich,,,,,,,,
WomensRallyNairobi,,,,,,,,
WomensRallyNaples,,,,,,,,
WomensRallyNashville,,,,,,,,
WomensRallyNC,,,,,,,,
WomensRallyND,,,,,,,,
WomensRallyNE,,,,,,,,
WomensRallyNewOrleans,,,,,,,,
WomensRallyNewYork,,,,,,,,
WomensRallyNH,,,,,,,,
WomensRallyNJ,,,,,,,,
WomensRallyNM,,,,,,,,
WomensRallyNOLA,,,,,,,,
WomensRallyNRB,,,,,,,,
WomensRallyNV,,,,,,,,
WomensRallyNY,,,,,,,,
WomensRallyNYC,,,,,,,,
WomensRallyNZ,,,,,,,,
WomensRallyOakland,,,,,,,,
WomensRallyOC,,,,,,,,
WomensRallyOdessa,,,,,,,,
WomensRallyOH,,,,,,,,
WomensRallyOhio,,,,,,,,
WomensRallyOK,,,,,,,,
WomensRallyOKC,,,,,,,,
WomensRallyOklahomaCity,,,,,,,,
WomensRallyOlympia,,,,,,,,
WomensRallyOma,,,,,,,,
WomensRallyOmaha,,,,,,,,
WomensRallyOnDenver,,,,,,,,
WomensRallyOR,,,,,,,,
WomensRallyOregon,,,,,,,,
WomensRallyORL,,,,,,,,
WomensRallyOttawa,,,,,,,,
WomensRallyPA,,,,,,,,
WomensRallyParis,,,,,,,,
WomensRallyPDX,,,,,,,,
WomensRallyPeoria,,,,,,,,
WomensRallyPGH,,,,,,,,
WomensRallyPHI,,,,,,,,
WomensRallyPhiladelphia,,,,,,,,
WomensRallyPhoenix,,,,,,,,
WomensRallyPHX,,,,,,,,
WomensRallyPIT,,,,,,,,
WomensRallyPittsburgh,,,,,,,,
WomensRallyPOK,,,,,,,,
WomensRallyPortland,,,,,,,,
WomensRallyPR,,,,,,,,
WomensRallyPrague,,,,,,,,
WomensRallyProvidence,,,,,,,,
WomensRallyPVD,,,,,,,,
WomensRallyPW,,,,,,,,
WomensRallyRaleigh,,,,,,,,
WomensRallyReykjavik,,,,,,,,
WomensRallyRI,,,,,,,,
WomensRallyRiverside,,,,,,,,
WomensRallyRome,,,,,,,,
WomensRallyRussia,,,,,,,,
WomensRallySac,,,,,,,,
WomensRallySacramento,,,,,,,,
WomensRallySaintJohns,,,,,,,,
WomensRallySanAntonio,,,,,,,,
WomensRallySanDiego,,,,,,,,
WomensRallySanFrancisco,,,,,,,,
WomensRallySanJose,,,,,,,,
WomensRallySantaBarbara,,,,,,,,
WomensRallySantaFe,,,,,,,,
WomensRallySantaRosa,,,,,,,,
WomensRallySaudiArabia,,,,,,,,
WomensRallySB,,,,,,,,
WomensRallySC,,,,,,,,
WomensRallySD,,,,,,,,
WomensRallySEA,,,,,,,,
WomensRallySeattle,,,,,,,,
WomensRallySF,,,,,,,,
WomensRallyShipley,,,,,,,,
WomensRallySigns,,,,,,,,
WomensRallySiouxFalls,,,,,,,,
WomensRallySJ,,,,,,,,
WomensRallySLO,,,,,,,,
WomensRallySofia,,,,,,,,
WomensRallySouthBend,,,,,,,,
WomensRallySpokane,,,,,,,,
WomensRallySRQ,,,,,,,,
WomensRallyStamford,,,,,,,,
WomensRallyStJohns,,,,,,,,
WomensRallySTL,,,,,,,,
WomensRallyStPete,,,,,,,,
WomensRallySTX,,,,,,,,
WomensRallySurrey,,,,,,,,
WomensRallySW,,,,,,,,
WomensRallySydney,,,,,,,,
WomensRallyTC,,,,,,,,
WomensRallyTegucigalpa,,,,,,,,
WomensRallyTexas,,,,,,,,
WomensRallyTijuana,,,,,,,,
WomensRallyTN,,,,,,,,
WomensRallyTO,,,,,,,,
WomensRallyToronto,,,,,,,,
WomensRallyTrenton,,,,,,,,
WomensRallyTrondheim,,,,,,,,
WomensRallyTucson,,,,,,,,
WomensRallyTX,,,,,,,,
WomensRallyUCC,,,,,,,,
WomensRallyUK,,,,,,,,
WomensRallyUS,,,,,,,,
WomensRallyUSA,,,,,,,,
WomensRallyUT,,,,,,,,
WomensRallyUtah,,,,,,,,
WomensRallyVA,,,,,,,,
WomensRallyVancouver,,,,,,,,
WomensRallyVentura,,,,,,,,
WomensRallyVeracruz,,,,,,,,
WomensRallyVermont,,,,,,,,
WomensRallyVI,,,,,,,,
WomensRallyVictoria,,,,,,,,
WomensRallyVienna,,,,,,,,
WomensRallyVT,,,,,,,,
WomensRallyWA,,,,,,,,
WomensRallyWales,,,,,,,,
WomensRallyWallaWalla,,,,,,,,
WomensRallyWarsaw,,,,,,,,
WomensRallyWashington,,,,,,,,
WomensRallyWC,,,,,,,,
WomensRallyWI,,,,,,,,
WomensRallyWinnipeg,,,,,,,,
WomensRallyWorld,,,,,,,,
WomensRallyWPG,,,,,,,,
WomensRallyWV,,,,,,,,
WomensRallyWY,,,,,,,,
WomensRallyYeg,,,,,,,,
WomensRallyYork,,,,,,,,
WomensRallyYYC,,,,,,,,
WomxnsMarchAA,,,,,,,,
WomxnsMarchABQ,,,,,,,,
WomxnsMarchAcapulco,,,,,,,,
WomxnsMarchAE,,,,,,,,
WomxnsMarchAK,,,,,,,,
WomxnsMarchAL,,,,,,,,
WomxnsMarchAlaska,,,,,,,,
WomxnsMarchALB,,,,,,,,
WomxnsMarchAlbany,,,,,,,,
WomxnsMarchAlbuquerque,,,,,,,,
WomxnsMarchAmsterdam,,,,,,,,
WomxnsMarchAnchorage,,,,,,,,
WomxnsMarchAntarctica,,,,,,,,
WomxnsMarchAP,,,,,,,,
WomxnsMarchAR,,,,,,,,
WomxnsMarchArkansas,,,,,,,,
WomxnsMarchAroundTheWorld,,,,,,,,
WomxnsMarchAS,,,,,,,,
WomxnsMarchAsburyPark,,,,,,,,
WomxnsMarchAsheville,,,,,,,,
WomxnsMarchATL,,,,,,,,
WomxnsMarchAtlanta,,,,,,,,
WomxnsMarchAustin,,,,,,,,
WomxnsMarchAZ,,,,,,,,
WomxnsMarchBA,,,,,,,,
WomxnsMarchBaltimore,,,,,,,,
WomxnsMarchBarcelona,,,,,,,,
WomxnsMarchBarnstaple,,,,,,,,
WomxnsMarchBayArea,,,,,,,,
WomxnsMarchBC,,,,,,,,
WomxnsMarchBCN,,,,,,,,
WomxnsMarchBelfast,,,,,,,,
WomxnsMarchBelgrade,,,,,,,,
WomxnsMarchBellingham,,,,,,,,
WomxnsMarchBerlin,,,,,,,,
WomxnsMarchBham,,,,,,,,
WomxnsMarchBoise,,,,,,,,
WomxnsMarchBOS,,,,,,,,
WomxnsMarchBoston,,,,,,,,
WomxnsMarchBrampton,,,,,,,,
WomxnsMarchBristol,,,,,,,,
WomxnsMarchBrussels,,,,,,,,
WomxnsMarchBucharest,,,,,,,,
WomxnsMarchBudapest,,,,,,,,
WomxnsMarchBUF,,,,,,,,
WomxnsMarchBuffalo,,,,,,,,
WomxnsMarchCA,,,,,,,,
WomxnsMarchCalgary,,,,,,,,
WomxnsMarchCardiff,,,,,,,,
WomxnsMarchCBR,,,,,,,,
WomxnsMarchCharlotte,,,,,,,,
WomxnsMarchChi,,,,,,,,
WomxnsMarchChicago,,,,,,,,
WomxnsMarchChihuahua,,,,,,,,
WomxnsMarchCincinnatti,,,,,,,,
WomxnsMarchCLE,,,,,,,,
WomxnsMarchCleveland,,,,,,,,
WomxnsMarchCLT,,,,,,,,
WomxnsMarchCO,,,,,,,,
WomxnsMarchCologne,,,,,,,,
WomxnsMarchColumbus,,,,,,,,
WomxnsMarchCork,,,,,,,,
WomxnsMarchCPH,,,,,,,,
WomxnsMarchCT,,,,,,,,
WomxnsMarchCU,,,,,,,,
WomxnsMarchDallas,,,,,,,,
WomxnsMarchDayton,,,,,,,,
WomxnsMarchDC,,,,,,,,
WomxnsMarchDE,,,,,,,,
WomxnsMarchDenver,,,,,,,,
WomxnsMarchDesMoines,,,,,,,,
WomxnsMarchDET,,,,,,,,
WomxnsMarchDetroit,,,,,,,,
WomxnsMarchDFW,,,,,,,,
WomxnsMarchDoesntSpeakForMe,,,,,,,,
WomxnsMarchDublin,,,,,,,,
WomxnsMarchED,,,,,,,,
WomxnsMarchEdinburgh,,,,,,,,
WomxnsMarchEdmonton,,,,,,,,
WomxnsMarchElPaso,,,,,,,,
WomxnsMarchErie,,,,,,,,
WomxnsMarchFL,,,,,,,,
WomxnsMarchFlorida,,,,,,,,
WomxnsMarchFM,,,,,,,,
WomxnsMarchFortWorth,,,,,,,,
WomxnsMarchFrankfurt,,,,,,,,
WomxnsMarchFresno,,,,,,,,
WomxnsMarchFW,,,,,,,,
WomxnsMarchGA,,,,,,,,
WomxnsMarchGB,,,,,,,,
WomxnsMarchGeneva,,,,,,,,
WomxnsMarchGJ,,,,,,,,
WomxnsMarchGlobal,,,,,,,,
WomxnsMarchGrandRapids,,,,,,,,
WomxnsMarchGRB,,,,,,,,
WomxnsMarchGreensboro,,,,,,,,
WomxnsMarchGU,,,,,,,,
WomxnsMarchGuadalajara,,,,,,,,
WomxnsMarchGuadalupe,,,,,,,,
WomxnsMarchGuam,,,,,,,,
WomxnsMarchHamburg,,,,,,,,
WomxnsMarchHartford,,,,,,,,
WomxnsMarchHavana,,,,,,,,
WomxnsMarchHelsinki,,,,,,,,
WomxnsMarchHI,,,,,,,,
WomxnsMarchHouston,,,,,,,,
WomxnsMarchHTX,,,,,,,,
WomxnsMarchIA,,,,,,,,
WomxnsMarchICT,,,,,,,,
WomxnsMarchID,,,,,,,,
WomxnsMarchIdaho,,,,,,,,
WomxnsMarchIE,,,,,,,,
WomxnsMarchIL,,,,,,,,
WomxnsMarchIN,,,,,,,,
WomxnsMarchIndianapolis,,,,,,,,
WomxnsMarchIndy,,,,,,,,
WomxnsMarchInPhiladelphia,,,,,,,,
WomxnsMarchInWashington,,,,,,,,
WomxnsMarchIowa,,,,,,,,
WomxnsMarchIRE,,,,,,,,
WomxnsMarchIstanbul,,,,,,,,
WomxnsMarchIthaca,,,,,,,,
WomxnsMarchJacksonville,,,,,,,,
WomxnsMarchJu‡rez,,,,,,,,
WomxnsMarchJXN,,,,,,,,
WomxnsMarchKA,,,,,,,,
WomxnsMarchKC,,,,,,,,
WomxnsMarchKiev,,,,,,,,
WomxnsMarchKingston,,,,,,,,
WomxnsMarchKnoxville,,,,,,,,
WomxnsMarchKS,,,,,,,,
WomxnsMarchKY,,,,,,,,
WomxnsMarchLA,,,,,,,,
WomxnsMarchLasVegas,,,,,,,,
WomxnsMarchLeeds,,,,,,,,
WomxnsMarchLiv,,,,,,,,
WomxnsMarchLiverpool,,,,,,,,
WomxnsMarchLondon,,,,,,,,
WomxnsMarchLosAngeles,,,,,,,,
WomxnsMarchLouisville,,,,,,,,
WomxnsMarchLV,,,,,,,,
WomxnsMarchLyon,,,,,,,,
WomxnsMarchMA,,,,,,,,
WomxnsMarchMadison,,,,,,,,
WomxnsMarchMadrid,,,,,,,,
WomxnsMarchManchester,,,,,,,,
WomxnsMarchMCR,,,,,,,,
WomxnsMarchMD,,,,,,,,
WomxnsMarchME,,,,,,,,
WomxnsMarchMelbourne,,,,,,,,
WomxnsMarchMEM,,,,,,,,
WomxnsMarchMemphis,,,,,,,,
WomxnsMarchMex,,,,,,,,
WomxnsMarchMexico,,,,,,,,
WomxnsMarchMH,,,,,,,,
WomxnsMarchMI,,,,,,,,
WomxnsMarchMIA,,,,,,,,
WomxnsMarchMiami,,,,,,,,
WomxnsMarchMilwaukee,,,,,,,,
WomxnsMarchMinnesota,,,,,,,,
WomxnsMarchMinsk,,,,,,,,
WomxnsMarchMN,,,,,,,,
WomxnsMarchMO,,,,,,,,
WomxnsMarchMonterrey,,,,,,,,
WomxnsMarchMontreal,,,,,,,,
WomxnsMarchMorelia,,,,,,,,
WomxnsMarchMoscow,,,,,,,,
WomxnsMarchMP,,,,,,,,
WomxnsMarchMS,,,,,,,,
WomxnsMarchMT,,,,,,,,
WomxnsMarchMunich,,,,,,,,
WomxnsMarchNairobi,,,,,,,,
WomxnsMarchNaples,,,,,,,,
WomxnsMarchNashville,,,,,,,,
WomxnsMarchNC,,,,,,,,
WomxnsMarchND,,,,,,,,
WomxnsMarchNE,,,,,,,,
WomxnsMarchNewOrleans,,,,,,,,
WomxnsMarchNewYork,,,,,,,,
WomxnsMarchNH,,,,,,,,
WomxnsMarchNJ,,,,,,,,
WomxnsMarchNM,,,,,,,,
WomxnsMarchNOLA,,,,,,,,
WomxnsMarchNRB,,,,,,,,
WomxnsMarchNV,,,,,,,,
WomxnsMarchNY,,,,,,,,
WomxnsMarchNYC,,,,,,,,
WomxnsMarchNZ,,,,,,,,
WomxnsMarchOakland,,,,,,,,
WomxnsMarchOC,,,,,,,,
WomxnsMarchOdessa,,,,,,,,
WomxnsMarchOH,,,,,,,,
WomxnsMarchOhio,,,,,,,,
WomxnsMarchOK,,,,,,,,
WomxnsMarchOKC,,,,,,,,
WomxnsMarchOklahomaCity,,,,,,,,
WomxnsMarchOlympia,,,,,,,,
WomxnsMarchOma,,,,,,,,
WomxnsMarchOmaha,,,,,,,,
WomxnsMarchOnDenver,,,,,,,,
WomxnsMarchOR,,,,,,,,
WomxnsMarchOregon,,,,,,,,
WomxnsMarchORL,,,,,,,,
WomxnsMarchOttawa,,,,,,,,
WomxnsMarchPA,,,,,,,,
WomxnsMarchParis,,,,,,,,
WomxnsMarchPDX,,,,,,,,
WomxnsMarchPeoria,,,,,,,,
WomxnsMarchPGH,,,,,,,,
WomxnsMarchPHI,,,,,,,,
WomxnsMarchPhiladelphia,,,,,,,,
WomxnsMarchPhoenix,,,,,,,,
WomxnsMarchPHX,,,,,,,,
WomxnsMarchPIT,,,,,,,,
WomxnsMarchPittsburgh,,,,,,,,
WomxnsMarchPOK,,,,,,,,
WomxnsMarchPortland,,,,,,,,
WomxnsMarchPR,,,,,,,,
WomxnsMarchPrague,,,,,,,,
WomxnsMarchProvidence,,,,,,,,
WomxnsMarchPVD,,,,,,,,
WomxnsMarchPW,,,,,,,,
WomxnsMarchRaleigh,,,,,,,,
WomxnsMarchReykjavik,,,,,,,,
WomxnsMarchRI,,,,,,,,
WomxnsMarchRiverside,,,,,,,,
WomxnsMarchRome,,,,,,,,
WomxnsMarchRussia,,,,,,,,
WomxnsMarchSac,,,,,,,,
WomxnsMarchSacramento,,,,,,,,
WomxnsMarchSaintJohns,,,,,,,,
WomxnsMarchSanAntonio,,,,,,,,
WomxnsMarchSanDiego,,,,,,,,
WomxnsMarchSanFrancisco,,,,,,,,
WomxnsMarchSanJose,,,,,,,,
WomxnsMarchSantaBarbara,,,,,,,,
WomxnsMarchSantaFe,,,,,,,,
WomxnsMarchSantaRosa,,,,,,,,
WomxnsMarchSaudiArabia,,,,,,,,
WomxnsMarchSB,,,,,,,,
WomxnsMarchSC,,,,,,,,
WomxnsMarchSD,,,,,,,,
WomxnsMarchSEA,,,,,,,,
WomxnsMarchSeattle,,,,,,,,
WomxnsMarchSF,,,,,,,,
WomxnsMarchShipley,,,,,,,,
WomxnsMarchSigns,,,,,,,,
WomxnsMarchSiouxFalls,,,,,,,,
WomxnsMarchSJ,,,,,,,,
WomxnsMarchSLO,,,,,,,,
WomxnsMarchSofia,,,,,,,,
WomxnsMarchSouthBend,,,,,,,,
WomxnsMarchSpokane,,,,,,,,
WomxnsMarchSRQ,,,,,,,,
WomxnsMarchStamford,,,,,,,,
WomxnsMarchStJohns,,,,,,,,
WomxnsMarchSTL,,,,,,,,
WomxnsMarchStPete,,,,,,,,
WomxnsMarchSTX,,,,,,,,
WomxnsMarchSurrey,,,,,,,,
WomxnsMarchSW,,,,,,,,
WomxnsMarchSydney,,,,,,,,
WomxnsMarchTC,,,,,,,,
WomxnsMarchTegucigalpa,,,,,,,,
WomxnsMarchTexas,,,,,,,,
WomxnsMarchTijuana,,,,,,,,
WomxnsMarchTN,,,,,,,,
WomxnsMarchTO,,,,,,,,
WomxnsMarchToronto,,,,,,,,
WomxnsMarchTrenton,,,,,,,,
WomxnsMarchTrondheim,,,,,,,,
WomxnsMarchTucson,,,,,,,,
WomxnsMarchTX,,,,,,,,
WomxnsMarchUCC,,,,,,,,
WomxnsMarchUK,,,,,,,,
WomxnsMarchUS,,,,,,,,
WomxnsMarchUSA,,,,,,,,
WomxnsMarchUT,,,,,,,,
WomxnsMarchUtah,,,,,,,,
WomxnsMarchVA,,,,,,,,
WomxnsMarchVancouver,,,,,,,,
WomxnsMarchVentura,,,,,,,,
WomxnsMarchVeracruz,,,,,,,,
WomxnsMarchVermont,,,,,,,,
WomxnsMarchVI,,,,,,,,
WomxnsMarchVictoria,,,,,,,,
WomxnsMarchVienna,,,,,,,,
WomxnsMarchVT,,,,,,,,
WomxnsMarchWA,,,,,,,,
WomxnsMarchWales,,,,,,,,
WomxnsMarchWallaWalla,,,,,,,,
WomxnsMarchWarsaw,,,,,,,,
WomxnsMarchWashington,,,,,,,,
WomxnsMarchWC,,,,,,,,
WomxnsMarchWI,,,,,,,,
WomxnsMarchWinnipeg,,,,,,,,
WomxnsMarchWorld,,,,,,,,
WomxnsMarchWPG,,,,,,,,
WomxnsMarchWV,,,,,,,,
WomxnsMarchWY,,,,,,,,
WomxnsMarchYeg,,,,,,,,
WomxnsMarchYork,,,,,,,,
WomxnsMarchYYC,,,,,,,,
